Customer_ID,Gender,Marital_Status,Employment_Status,Account_Type,Monthly_Income,Monthly_Expenses,Monthly_Savings,Loan_Approved,Join_Date
CUST1000,Male,Divorced,Self-employed,Savings,454542.62,374049.51,80493.11,No,2024-01-05
CUST1001,Female,Single,Self-employed,Savings,223325.98,77245.16,146080.82,Yes,2024-03-09
CUST1002,Female,Single,Unemployed,Current,792190.02,405125.91,387064.11,Yes,2024-10-26
CUST1003,Male,Single,Unemployed,Savings,647202.08,522545.83,124656.25,Yes,2023-12-16
CUST1004,Male,Divorced,Unemployed,Savings,227037.65,88173.21,138864.44,Yes,2024-05-17
CUST1005,Female,Divorced,Employed,Savings,192578.95,85547.9,107031.05,Yes,2023-01-28
CUST1006,Male,Divorced,Employed,Current,352767.77,161393.47,191374.3,Yes,2024-05-26
CUST1007,Female,Divorced,Self-employed,Savings,566050.05,204772.5,361277.55,Yes,2024-06-15
CUST1008,Male,Divorced,Employed,Savings,370464.26,182161.65,188302.61,Yes,2023-05-24
CUST1009,Male,Married,Unemployed,Current,310382.96,118655.74,191727.22,Yes,2024-01-03
CUST1010,Male,Divorced,Unemployed,Savings,675572.14,319128.53,356443.61,Yes,2023-09-12
CUST1011,Female,Single,Unemployed,Current,152886.7,53173.8,99712.9,No,2024-05-07
CUST1012,Male,Married,Self-employed,Current,414819.21,126128.68,288690.53,Yes,2023-07-02
CUST1013,Male,Married,Self-employed,Current,98978.37,59194.03,39784.34,No,2024-01-29
CUST1014,Female,Married,Employed,Current,204609.21,183524.0,21085.21,No,2024-01-07
CUST1015,Male,Married,Unemployed,Current,309595.49,215871.07,93724.42,No,2023-08-21
CUST1016,Male,Divorced,Unemployed,Current,542526.51,244141.92,298384.59,Yes,2024-06-25
CUST1017,Female,Single,Self-employed,Savings,632738.76,532803.0,99935.76,No,2024-01-19
CUST1018,Female,Married,Unemployed,Current,448578.85,317935.69,130643.16,Yes,2024-02-17
CUST1019,Male,Divorced,Self-employed,Current,200903.73,123088.28,77815.45,No,2023-08-30
CUST1020,Female,Divorced,Unemployed,Current,368005.41,132662.19,235343.22,Yes,2023-12-06
CUST1021,Male,Married,Unemployed,Current,181568.32,55654.64,125913.68,Yes,2023-03-18
CUST1022,Female,Married,Unemployed,Current,472679.08,200364.08,272315.0,Yes,2023-10-10
CUST1023,Female,Married,Employed,Savings,247725.34,193432.79,54292.55,No,2024-06-16
CUST1024,Female,Married,Employed,Savings,731587.65,612795.57,118792.08,Yes,2024-03-01
CUST1025,Male,Married,Employed,Current,31410.83,18139.61,13271.22,No,2024-06-11
CUST1026,Female,Divorced,Unemployed,Savings,229041.79,117616.24,111425.55,Yes,2023-10-23
CUST1027,Male,Divorced,Unemployed,Current,323420.79,236546.58,86874.21,No,2024-08-17
CUST1028,Female,Single,Unemployed,Savings,190125.66,98989.66,91136.0,No,2023-12-02
CUST1029,Female,Married,Employed,Savings,777459.63,651332.43,126127.2,Yes,2024-01-14
CUST1030,Female,Married,Employed,Savings,144276.12,49538.15,94737.97,No,2024-06-19
CUST1031,Female,Single,Employed,Current,467635.9,230376.84,237259.06,Yes,2023-06-23
CUST1032,Female,Single,Employed,Savings,107489.44,48784.69,58704.75,No,2023-05-04
CUST1033,Male,Married,Self-employed,Current,239461.69,83213.01,156248.68,Yes,2023-06-08
CUST1034,Male,Single,Self-employed,Savings,661404.8,505660.15,155744.65,Yes,2023-09-06
CUST1035,Female,Married,Self-employed,Current,223036.02,110927.15,112108.87,Yes,2024-08-24
CUST1036,Male,Divorced,Employed,Current,366599.65,112296.17,254303.48,Yes,2023-09-04
CUST1037,Male,Married,Unemployed,Savings,117876.67,93578.75,24297.92,No,2023-12-23
CUST1038,Male,Single,Self-employed,Savings,144734.01,63812.97,80921.04,No,2023-06-22
CUST1039,Female,Single,Self-employed,Savings,451647.72,231993.86,219653.86,Yes,2024-08-04
CUST1040,Male,Single,Unemployed,Savings,285144.85,121285.75,163859.1,Yes,2023-01-07
CUST1041,Female,Divorced,Unemployed,Savings,156448.11,88137.26,68310.85,No,2024-07-17
CUST1042,Female,Divorced,Unemployed,Current,343898.91,271732.82,72166.09,No,2023-03-14
CUST1043,Male,Married,Employed,Current,437573.47,243401.02,194172.45,Yes,2023-05-23
CUST1044,Female,Married,Employed,Savings,221925.28,197483.11,24442.17,No,2024-05-25
CUST1045,Male,Divorced,Unemployed,Savings,225399.32,97574.21,127825.11,Yes,2023-05-02
CUST1046,Male,Divorced,Self-employed,Savings,293398.46,250650.1,42748.36,No,2024-05-18
CUST1047,Female,Single,Unemployed,Savings,155914.67,83158.4,72756.27,No,2023-10-05
CUST1048,Female,Single,Employed,Current,319916.57,223311.85,96604.72,No,2024-08-01
CUST1049,Male,Single,Employed,Current,99316.89,77711.47,21605.42,No,2023-06-08
CUST1050,Female,Divorced,Unemployed,Savings,131891.32,81284.27,50607.05,No,2024-10-24
CUST1051,Female,Single,Employed,Current,383023.65,326488.85,56534.8,No,2023-09-28
CUST1052,Female,Married,Self-employed,Savings,626111.63,261567.09,364544.54,Yes,2023-03-18
CUST1053,Female,Married,Unemployed,Current,587582.04,186320.85,401261.19,Yes,2023-07-31
CUST1054,Female,Married,Self-employed,Savings,66335.67,20960.19,45375.48,No,2023-04-01
CUST1055,Male,Divorced,Self-employed,Savings,605721.25,243970.63,361750.62,Yes,2024-10-09
CUST1056,Male,Married,Self-employed,Savings,238358.2,110239.37,128118.83,Yes,2024-11-27
CUST1057,Male,Single,Self-employed,Current,572064.21,467559.02,104505.19,Yes,2024-12-11
CUST1058,Female,Single,Unemployed,Current,308096.77,140594.81,167501.96,Yes,2023-06-05
CUST1059,Male,Divorced,Employed,Current,30685.98,19330.18,11355.8,No,2024-03-07
CUST1060,Female,Single,Unemployed,Savings,639476.08,368563.12,270912.96,Yes,2024-06-03
CUST1061,Male,Divorced,Employed,Current,109273.88,70224.34,39049.54,No,2024-09-26
CUST1062,Male,Divorced,Self-employed,Current,160481.88,84481.26,76000.62,No,2024-01-16
CUST1063,Female,Married,Unemployed,Savings,730613.45,433308.85,297304.6,Yes,2024-07-07
CUST1064,Male,Single,Self-employed,Savings,532776.02,184036.23,348739.79,Yes,2024-05-15
CUST1065,Female,Divorced,Employed,Savings,501538.96,255556.35,245982.61,Yes,2024-06-30
CUST1066,Male,Single,Unemployed,Savings,481404.06,173645.39,307758.67,Yes,2023-12-24
CUST1067,Female,Single,Self-employed,Current,270031.01,233591.69,36439.32,No,2024-08-18
CUST1068,Male,Divorced,Self-employed,Savings,368645.16,302902.63,65742.53,No,2023-02-11
CUST1069,Male,Divorced,Employed,Current,638518.28,550413.7,88104.58,No,2023-12-31
CUST1070,Female,Divorced,Unemployed,Savings,443847.71,287881.67,155966.04,Yes,2024-08-16
CUST1071,Female,Divorced,Unemployed,Savings,170935.12,96581.01,74354.11,No,2023-05-05
CUST1072,Female,Single,Employed,Current,432138.48,316728.03,115410.45,Yes,2024-10-15
CUST1073,Female,Single,Unemployed,Current,58252.18,47173.93,11078.25,No,2023-06-19
CUST1074,Female,Married,Self-employed,Savings,436008.78,263086.31,172922.47,Yes,2024-05-10
CUST1075,Male,Married,Self-employed,Current,517530.88,443907.3,73623.58,No,2024-10-07
CUST1076,Male,Divorced,Employed,Savings,581342.33,387927.98,193414.35,Yes,2024-08-21
CUST1077,Male,Married,Self-employed,Current,450422.36,206471.57,243950.79,Yes,2023-02-10
CUST1078,Female,Divorced,Employed,Savings,290993.72,188189.96,102803.76,Yes,2024-05-17
CUST1079,Female,Married,Self-employed,Current,798929.34,292776.33,506153.01,Yes,2024-07-01
CUST1080,Female,Single,Unemployed,Current,409791.94,158304.74,251487.2,Yes,2024-02-21
CUST1081,Male,Divorced,Self-employed,Current,216265.09,170373.98,45891.11,No,2024-12-28
CUST1082,Male,Single,Self-employed,Current,112997.22,42964.68,70032.54,No,2023-01-09
CUST1083,Male,Single,Employed,Savings,397048.5,205469.6,191578.9,Yes,2024-07-13
CUST1084,Female,Single,Unemployed,Current,401521.88,127650.15,273871.73,Yes,2023-11-04
CUST1085,Male,Single,Self-employed,Savings,794610.3,269583.95,525026.35,Yes,2023-04-06
CUST1086,Male,Single,Employed,Savings,779564.12,277525.56,502038.56,Yes,2023-11-03
CUST1087,Female,Married,Unemployed,Savings,66008.71,49846.07,16162.64,No,2023-09-18
CUST1088,Male,Single,Employed,Current,325291.02,228485.05,96805.97,No,2024-01-05
CUST1089,Female,Divorced,Self-employed,Current,284462.79,173673.73,110789.06,Yes,2023-08-18
CUST1090,Female,Divorced,Self-employed,Current,424775.12,210843.01,213932.11,Yes,2023-03-02
CUST1091,Female,Married,Employed,Current,782960.26,342202.02,440758.24,Yes,2024-11-22
CUST1092,Male,Single,Self-employed,Savings,24042.19,8295.55,15746.64,No,2023-10-29
CUST1093,Male,Single,Employed,Current,579297.92,351609.66,227688.26,Yes,2023-01-21
CUST1094,Male,Divorced,Employed,Savings,65873.95,23323.43,42550.52,No,2023-06-01
CUST1095,Male,Divorced,Employed,Current,38394.29,30933.09,7461.2,No,2023-09-19
CUST1096,Female,Divorced,Employed,Savings,662660.52,334100.57,328559.95,Yes,2023-11-27
CUST1097,Female,Married,Employed,Savings,402646.3,206120.53,196525.77,Yes,2023-12-01
CUST1098,Male,Divorced,Unemployed,Current,136917.75,111011.58,25906.17,No,2024-04-11
CUST1099,Female,Single,Employed,Savings,543573.36,238272.58,305300.78,Yes,2023-09-26
CUST1100,Female,Divorced,Employed,Savings,267722.74,115388.79,152333.95,Yes,2024-05-22
CUST1101,Female,Divorced,Self-employed,Current,684389.97,495530.37,188859.6,Yes,2023-12-15
CUST1102,Female,Divorced,Self-employed,Savings,695290.27,613673.16,81617.11,No,2024-12-25
CUST1103,Female,Single,Self-employed,Current,347168.08,128019.79,219148.29,Yes,2024-04-27
CUST1104,Male,Divorced,Unemployed,Savings,268843.34,160141.85,108701.49,Yes,2024-11-19
CUST1105,Female,Single,Self-employed,Savings,93324.98,63221.53,30103.45,No,2023-04-29
CUST1106,Female,Divorced,Employed,Current,443346.96,329816.0,113530.96,Yes,2023-09-18
CUST1107,Male,Married,Unemployed,Savings,668099.02,523313.56,144785.46,Yes,2024-03-03
CUST1108,Male,Single,Unemployed,Savings,202541.4,105144.06,97397.34,No,2024-03-28
CUST1109,Female,Single,Self-employed,Current,31791.5,11357.0,20434.5,No,2024-12-05
CUST1110,Female,Divorced,Unemployed,Savings,673833.44,400500.58,273332.86,Yes,2023-11-21
CUST1111,Male,Single,Employed,Savings,613816.21,194914.14,418902.07,Yes,2024-09-22
CUST1112,Female,Divorced,Self-employed,Current,273591.97,152284.39,121307.58,Yes,2023-05-31
CUST1113,Female,Married,Employed,Savings,472223.63,377067.93,95155.7,No,2023-01-16
CUST1114,Male,Divorced,Employed,Current,789332.85,334056.72,455276.13,Yes,2024-12-25
CUST1115,Female,Divorced,Employed,Savings,589631.79,294454.05,295177.74,Yes,2024-07-01
CUST1116,Male,Married,Employed,Current,566678.57,265313.51,301365.06,Yes,2023-11-20
CUST1117,Male,Married,Employed,Current,374002.63,284499.74,89502.89,No,2023-03-06
CUST1118,Female,Married,Self-employed,Savings,755680.66,495244.97,260435.69,Yes,2023-09-24
CUST1119,Male,Divorced,Employed,Savings,38316.88,18778.39,19538.49,No,2023-05-22
CUST1120,Female,Single,Employed,Savings,348480.71,150772.93,197707.78,Yes,2024-01-05
CUST1121,Female,Divorced,Self-employed,Current,79122.48,30440.14,48682.34,No,2023-06-15
CUST1122,Female,Married,Employed,Current,541432.25,472114.37,69317.88,No,2023-11-10
CUST1123,Male,Married,Unemployed,Savings,741690.26,601051.47,140638.79,Yes,2023-03-06
CUST1124,Male,Married,Employed,Current,42927.91,15667.36,27260.55,No,2024-10-16
CUST1125,Male,Single,Employed,Savings,608816.37,288269.29,320547.08,Yes,2024-11-23
CUST1126,Female,Single,Unemployed,Current,73072.15,39193.19,33878.96,No,2023-07-25
CUST1127,Male,Single,Unemployed,Savings,412944.07,337922.26,75021.81,No,2023-03-20
CUST1128,Male,Single,Self-employed,Current,286206.69,151522.2,134684.49,Yes,2024-03-13
CUST1129,Female,Single,Unemployed,Savings,603434.15,220899.79,382534.36,Yes,2024-07-23
CUST1130,Female,Divorced,Unemployed,Savings,324254.12,262796.74,61457.38,No,2024-03-20
CUST1131,Female,Single,Employed,Savings,566032.71,496465.74,69566.97,No,2024-04-11
CUST1132,Male,Married,Employed,Current,426973.12,324181.18,102791.94,Yes,2024-09-18
CUST1133,Female,Single,Employed,Current,479001.46,371765.24,107236.22,Yes,2024-06-20
CUST1134,Female,Married,Unemployed,Current,486937.24,395416.7,91520.54,No,2023-05-12
CUST1135,Male,Single,Unemployed,Current,194629.28,117292.88,77336.4,No,2024-04-07
CUST1136,Female,Divorced,Unemployed,Savings,606960.01,300962.04,305997.97,Yes,2024-11-28
CUST1137,Female,Divorced,Unemployed,Savings,204604.13,100545.09,104059.04,Yes,2023-09-02
CUST1138,Male,Married,Unemployed,Savings,356526.21,152164.36,204361.85,Yes,2024-02-04
CUST1139,Female,Single,Unemployed,Savings,784509.74,693474.95,91034.79,No,2023-09-22
CUST1140,Male,Divorced,Unemployed,Savings,557303.31,218970.31,338333.0,Yes,2024-10-13
CUST1141,Female,Single,Self-employed,Current,452767.23,240235.17,212532.06,Yes,2024-07-27
CUST1142,Male,Divorced,Unemployed,Savings,479839.9,395785.33,84054.57,No,2024-07-16
CUST1143,Male,Divorced,Unemployed,Savings,300467.6,249111.7,51355.9,No,2024-04-27
CUST1144,Female,Divorced,Unemployed,Savings,221243.56,194107.52,27136.04,No,2024-09-03
CUST1145,Female,Divorced,Unemployed,Savings,362989.57,126248.03,236741.54,Yes,2024-11-03
CUST1146,Female,Married,Self-employed,Savings,700044.54,565685.59,134358.95,Yes,2023-03-21
CUST1147,Male,Divorced,Employed,Current,597499.08,527068.48,70430.6,No,2023-07-26
CUST1148,Male,Single,Unemployed,Current,764823.11,631098.9,133724.21,Yes,2023-05-21
CUST1149,Male,Single,Unemployed,Current,723468.44,530061.51,193406.93,Yes,2024-03-09
CUST1150,Male,Divorced,Unemployed,Current,75804.79,56215.49,19589.3,No,2024-02-27
CUST1151,Female,Married,Unemployed,Current,609930.74,321578.19,288352.55,Yes,2023-01-21
CUST1152,Male,Divorced,Employed,Current,534573.53,354834.36,179739.17,Yes,2024-04-02
CUST1153,Male,Single,Self-employed,Current,72973.11,58263.64,14709.47,No,2024-07-15
CUST1154,Male,Divorced,Self-employed,Savings,62967.22,27447.07,35520.15,No,2024-10-15
CUST1155,Male,Divorced,Self-employed,Current,118554.33,97806.22,20748.11,No,2023-03-13
CUST1156,Female,Divorced,Employed,Savings,108957.07,53261.43,55695.64,No,2023-09-07
CUST1157,Male,Single,Unemployed,Savings,160076.13,141380.21,18695.92,No,2023-03-11
CUST1158,Female,Single,Unemployed,Current,775380.79,533712.43,241668.36,Yes,2024-03-17
CUST1159,Male,Married,Unemployed,Current,184126.3,91106.35,93019.95,No,2023-04-18
CUST1160,Female,Married,Unemployed,Current,303668.88,257844.56,45824.32,No,2024-02-18
CUST1161,Male,Single,Employed,Current,232561.55,129386.26,103175.29,Yes,2023-09-15
CUST1162,Female,Divorced,Unemployed,Current,338966.32,239410.67,99555.65,No,2024-10-18
CUST1163,Male,Married,Unemployed,Savings,63829.36,45443.79,18385.57,No,2023-07-02
CUST1164,Female,Married,Self-employed,Current,118432.34,73356.56,45075.78,No,2023-04-14
CUST1165,Male,Divorced,Self-employed,Current,83365.77,52587.1,30778.67,No,2024-07-24
CUST1166,Male,Divorced,Self-employed,Savings,231245.26,142577.59,88667.67,No,2024-02-10
CUST1167,Male,Married,Self-employed,Current,292420.86,209146.62,83274.24,No,2024-03-18
CUST1168,Female,Married,Self-employed,Savings,176590.63,111243.54,65347.09,No,2024-02-22
CUST1169,Male,Single,Self-employed,Current,261543.44,156609.83,104933.61,Yes,2023-10-02
CUST1170,Female,Single,Employed,Savings,595591.07,180917.18,414673.89,Yes,2023-09-27
CUST1171,Female,Divorced,Self-employed,Current,696871.99,317317.23,379554.76,Yes,2023-10-27
CUST1172,Male,Single,Self-employed,Savings,402582.95,354416.85,48166.1,No,2024-03-02
CUST1173,Female,Single,Unemployed,Savings,683891.3,262230.35,421660.95,Yes,2023-06-27
CUST1174,Female,Single,Employed,Savings,478511.79,407802.94,70708.85,No,2024-10-08
CUST1175,Female,Married,Employed,Savings,757402.05,436605.43,320796.62,Yes,2024-11-25
CUST1176,Male,Single,Unemployed,Current,413850.38,367389.42,46460.96,No,2024-03-19
CUST1177,Female,Married,Employed,Savings,720123.23,260523.25,459599.98,Yes,2024-07-27
CUST1178,Female,Divorced,Employed,Current,650828.07,272854.01,377974.06,Yes,2024-03-18
CUST1179,Female,Married,Unemployed,Current,605672.5,484779.88,120892.62,Yes,2024-03-06
CUST1180,Female,Single,Employed,Savings,730390.97,505101.02,225289.95,Yes,2023-08-05
CUST1181,Male,Divorced,Self-employed,Savings,251669.76,167529.33,84140.43,No,2024-04-05
CUST1182,Female,Divorced,Unemployed,Current,148711.51,92458.03,56253.48,No,2024-11-18
CUST1183,Male,Married,Unemployed,Savings,763154.68,502028.28,261126.4,Yes,2023-10-29
CUST1184,Male,Married,Employed,Current,441942.88,275187.52,166755.36,Yes,2023-09-14
CUST1185,Female,Married,Unemployed,Savings,242907.3,212146.58,30760.72,No,2023-12-01
CUST1186,Male,Married,Employed,Savings,688136.18,308330.14,379806.04,Yes,2023-10-29
CUST1187,Female,Single,Self-employed,Current,301453.42,117597.58,183855.84,Yes,2024-04-18
CUST1188,Male,Divorced,Self-employed,Current,28080.17,12867.12,15213.05,No,2023-03-20
CUST1189,Male,Single,Self-employed,Savings,317603.09,246040.49,71562.6,No,2024-08-18
CUST1190,Female,Single,Employed,Savings,693425.86,219151.29,474274.57,Yes,2024-10-16
CUST1191,Male,Single,Unemployed,Savings,253722.87,78843.67,174879.2,Yes,2023-03-11
CUST1192,Female,Divorced,Self-employed,Current,207584.69,153219.05,54365.64,No,2023-08-10
CUST1193,Male,Single,Self-employed,Current,628381.15,221976.86,406404.29,Yes,2023-03-10
CUST1194,Male,Single,Unemployed,Savings,580754.53,275095.1,305659.43,Yes,2023-06-21
CUST1195,Female,Divorced,Employed,Savings,752654.95,494674.05,257980.9,Yes,2024-12-11
CUST1196,Male,Single,Employed,Savings,428918.25,274285.27,154632.98,Yes,2024-06-30
CUST1197,Female,Single,Self-employed,Current,82005.47,25848.49,56156.98,No,2024-09-11
CUST1198,Male,Single,Unemployed,Savings,101146.21,46771.98,54374.23,No,2023-08-12
CUST1199,Male,Married,Self-employed,Savings,729343.02,375386.36,353956.66,Yes,2023-08-11
CUST1200,Female,Divorced,Employed,Savings,409323.05,258588.33,150734.72,Yes,2023-04-08
CUST1201,Male,Married,Self-employed,Savings,609190.22,265725.73,343464.49,Yes,2024-05-17
CUST1202,Female,Single,Self-employed,Current,297051.51,125433.73,171617.78,Yes,2024-08-26
CUST1203,Male,Married,Self-employed,Savings,489685.08,161311.89,328373.19,Yes,2023-09-16
CUST1204,Male,Married,Unemployed,Current,779630.73,359725.88,419904.85,Yes,2024-06-15
CUST1205,Female,Divorced,Self-employed,Current,353371.56,295426.5,57945.06,No,2023-05-18
CUST1206,Male,Single,Employed,Current,123951.42,111092.87,12858.55,No,2023-01-01
CUST1207,Female,Single,Employed,Savings,23022.34,9683.41,13338.93,No,2024-11-01
CUST1208,Female,Single,Employed,Current,496911.18,224323.4,272587.78,Yes,2023-08-12
CUST1209,Male,Divorced,Unemployed,Savings,737834.6,290354.76,447479.84,Yes,2023-03-13
CUST1210,Male,Married,Self-employed,Savings,312411.06,224483.59,87927.47,No,2023-01-07
CUST1211,Female,Single,Unemployed,Savings,460742.8,338330.95,122411.85,Yes,2024-09-11
CUST1212,Female,Single,Employed,Current,206864.93,181062.16,25802.77,No,2023-04-26
CUST1213,Male,Divorced,Employed,Savings,612989.62,307565.36,305424.26,Yes,2024-09-25
CUST1214,Female,Single,Employed,Current,176378.85,105899.77,70479.08,No,2024-06-26
CUST1215,Male,Single,Employed,Current,713591.28,484258.61,229332.67,Yes,2023-04-26
CUST1216,Male,Married,Unemployed,Current,703067.03,625177.15,77889.88,No,2024-12-12
CUST1217,Female,Divorced,Self-employed,Current,590911.56,391263.76,199647.8,Yes,2024-12-07
CUST1218,Female,Divorced,Self-employed,Current,453513.62,279910.71,173602.91,Yes,2024-01-16
CUST1219,Female,Single,Unemployed,Current,147352.58,108573.95,38778.63,No,2024-03-10
CUST1220,Male,Divorced,Employed,Current,623726.95,285088.04,338638.91,Yes,2024-04-22
CUST1221,Male,Single,Self-employed,Savings,727376.84,525776.81,201600.03,Yes,2023-10-18
CUST1222,Male,Divorced,Unemployed,Current,714129.11,399104.08,315025.03,Yes,2024-03-06
CUST1223,Male,Divorced,Employed,Current,516631.81,294235.46,222396.35,Yes,2024-03-29
CUST1224,Female,Married,Employed,Savings,705858.74,501264.07,204594.67,Yes,2024-12-21
CUST1225,Female,Divorced,Employed,Savings,326106.12,260715.86,65390.26,No,2023-05-11
CUST1226,Male,Married,Employed,Current,617643.83,394974.2,222669.63,Yes,2023-10-31
CUST1227,Male,Divorced,Self-employed,Current,464799.51,192465.93,272333.58,Yes,2024-04-16
CUST1228,Female,Divorced,Employed,Savings,500170.06,239471.26,260698.8,Yes,2023-09-25
CUST1229,Male,Single,Unemployed,Current,658627.97,344727.57,313900.4,Yes,2024-06-18
CUST1230,Male,Divorced,Employed,Current,696389.47,483790.57,212598.9,Yes,2023-03-18
CUST1231,Male,Single,Unemployed,Current,315414.02,265735.8,49678.22,No,2023-01-08
CUST1232,Male,Married,Unemployed,Savings,49107.36,20973.86,28133.5,No,2024-04-01
CUST1233,Female,Divorced,Unemployed,Current,613114.52,292998.77,320115.75,Yes,2024-01-23
CUST1234,Male,Single,Unemployed,Current,672594.4,492393.13,180201.27,Yes,2024-02-23
CUST1235,Female,Single,Employed,Savings,182118.87,144741.79,37377.08,No,2024-12-05
CUST1236,Female,Divorced,Self-employed,Current,445651.71,382941.43,62710.28,No,2023-02-14
CUST1237,Female,Married,Unemployed,Savings,210957.53,115914.44,95043.09,No,2024-05-15
CUST1238,Male,Married,Unemployed,Current,126567.98,102599.04,23968.94,No,2024-06-06
CUST1239,Female,Married,Unemployed,Savings,496106.31,164780.79,331325.52,Yes,2024-10-06
CUST1240,Male,Divorced,Employed,Current,473098.58,178513.99,294584.59,Yes,2023-05-31
CUST1241,Female,Single,Unemployed,Savings,428955.54,191541.76,237413.78,Yes,2023-11-16
CUST1242,Male,Married,Self-employed,Current,52017.87,44804.25,7213.62,No,2024-09-04
CUST1243,Male,Single,Self-employed,Savings,269040.07,153263.9,115776.17,Yes,2023-11-19
CUST1244,Female,Divorced,Self-employed,Current,293121.0,92678.19,200442.81,Yes,2024-07-04
CUST1245,Female,Single,Unemployed,Current,644816.84,245996.68,398820.16,Yes,2024-01-25
CUST1246,Female,Divorced,Unemployed,Savings,487475.46,253340.07,234135.39,Yes,2023-10-13
CUST1247,Female,Divorced,Self-employed,Current,475634.48,198562.94,277071.54,Yes,2024-03-03
CUST1248,Male,Single,Employed,Current,89759.69,47754.39,42005.3,No,2024-05-16
CUST1249,Male,Married,Employed,Current,664093.67,295061.01,369032.66,Yes,2023-11-11
CUST1250,Male,Divorced,Employed,Savings,144501.68,72195.14,72306.54,No,2024-07-29
CUST1251,Male,Divorced,Self-employed,Savings,750926.24,238383.09,512543.15,Yes,2023-03-16
CUST1252,Female,Married,Employed,Savings,121898.91,41399.05,80499.86,No,2023-05-26
CUST1253,Female,Single,Employed,Savings,525163.98,241085.05,284078.93,Yes,2023-04-15
CUST1254,Female,Married,Self-employed,Savings,410623.37,336804.9,73818.47,No,2023-09-21
CUST1255,Male,Divorced,Unemployed,Savings,695788.05,505708.99,190079.06,Yes,2023-04-05
CUST1256,Female,Married,Employed,Savings,591485.49,285448.92,306036.57,Yes,2024-02-25
CUST1257,Female,Married,Employed,Current,744745.49,573153.05,171592.44,Yes,2024-06-02
CUST1258,Female,Married,Unemployed,Current,787799.66,326345.39,461454.27,Yes,2023-12-15
CUST1259,Male,Married,Employed,Savings,95133.38,53056.94,42076.44,No,2023-08-29
CUST1260,Male,Married,Unemployed,Savings,78261.54,34034.77,44226.77,No,2023-08-05
CUST1261,Female,Single,Unemployed,Current,750429.5,674403.62,76025.88,No,2023-03-01
CUST1262,Male,Divorced,Self-employed,Current,160327.09,59805.31,100521.78,Yes,2024-05-01
CUST1263,Male,Divorced,Self-employed,Current,86975.9,52401.5,34574.4,No,2023-08-31
CUST1264,Female,Divorced,Employed,Current,400261.01,160504.25,239756.76,Yes,2023-06-19
CUST1265,Female,Married,Unemployed,Current,546248.6,278843.8,267404.8,Yes,2023-05-28
CUST1266,Male,Divorced,Unemployed,Current,281328.71,109998.25,171330.46,Yes,2024-05-10
CUST1267,Female,Married,Unemployed,Current,253005.79,155513.62,97492.17,No,2023-09-22
CUST1268,Female,Single,Employed,Current,351602.16,249842.69,101759.47,Yes,2024-05-30
CUST1269,Male,Single,Employed,Savings,311480.08,212273.53,99206.55,No,2024-11-23
CUST1270,Male,Divorced,Self-employed,Savings,634361.97,515715.39,118646.58,Yes,2024-10-08
CUST1271,Female,Married,Self-employed,Current,142041.79,54874.67,87167.12,No,2024-11-19
CUST1272,Female,Divorced,Self-employed,Current,250148.86,115675.04,134473.82,Yes,2023-11-18
CUST1273,Male,Married,Unemployed,Current,781569.11,654952.33,126616.78,Yes,2023-09-18
CUST1274,Male,Divorced,Self-employed,Current,307372.78,237227.73,70145.05,No,2023-07-16
CUST1275,Male,Single,Unemployed,Current,508266.06,344725.44,163540.62,Yes,2023-01-19
CUST1276,Male,Single,Unemployed,Savings,678686.44,489782.05,188904.39,Yes,2023-08-28
CUST1277,Male,Divorced,Self-employed,Current,389910.49,120343.88,269566.61,Yes,2024-08-08
CUST1278,Male,Divorced,Unemployed,Savings,238884.83,148906.06,89978.77,No,2024-10-23
CUST1279,Male,Married,Self-employed,Savings,33865.85,21053.17,12812.68,No,2024-08-29
CUST1280,Male,Divorced,Self-employed,Current,210999.09,102908.76,108090.33,Yes,2023-04-30
CUST1281,Female,Single,Self-employed,Savings,178928.42,84147.19,94781.23,No,2024-01-25
CUST1282,Male,Married,Unemployed,Current,142056.13,56348.37,85707.76,No,2024-08-26
CUST1283,Male,Divorced,Unemployed,Savings,696065.41,301580.49,394484.92,Yes,2024-10-30
CUST1284,Male,Divorced,Self-employed,Savings,510935.25,163959.04,346976.21,Yes,2023-12-30
CUST1285,Female,Single,Employed,Current,737916.37,439700.55,298215.82,Yes,2024-01-06
CUST1286,Female,Divorced,Employed,Current,388634.79,282761.89,105872.9,Yes,2023-08-06
CUST1287,Female,Single,Unemployed,Current,712349.71,486390.57,225959.14,Yes,2024-04-03
CUST1288,Female,Single,Self-employed,Current,786033.99,459617.57,326416.42,Yes,2023-11-11
CUST1289,Female,Single,Self-employed,Current,165163.17,125897.18,39265.99,No,2023-02-16
CUST1290,Female,Married,Unemployed,Current,275519.34,209863.31,65656.03,No,2023-07-05
CUST1291,Female,Divorced,Employed,Savings,425811.97,329035.49,96776.48,No,2023-05-31
CUST1292,Female,Divorced,Unemployed,Current,451423.29,346958.44,104464.85,Yes,2024-08-14
CUST1293,Female,Married,Employed,Savings,626271.12,459362.05,166909.07,Yes,2023-12-20
CUST1294,Female,Single,Employed,Current,105040.43,64690.2,40350.23,No,2024-08-14
CUST1295,Female,Divorced,Self-employed,Savings,97526.11,56263.97,41262.14,No,2024-12-09
CUST1296,Male,Divorced,Employed,Current,594507.67,249724.47,344783.2,Yes,2024-01-12
CUST1297,Female,Divorced,Employed,Savings,371702.74,280336.67,91366.07,No,2024-05-08
CUST1298,Male,Married,Unemployed,Savings,307892.13,197066.0,110826.13,Yes,2024-04-17
CUST1299,Male,Single,Unemployed,Current,266846.26,148483.63,118362.63,Yes,2023-02-24
CUST1300,Female,Married,Employed,Savings,773933.56,372172.46,401761.1,Yes,2024-06-28
CUST1301,Male,Single,Unemployed,Current,386075.17,309376.72,76698.45,No,2024-01-13
CUST1302,Female,Single,Unemployed,Savings,665422.8,431334.74,234088.06,Yes,2024-02-23
CUST1303,Female,Single,Employed,Current,199425.37,108018.31,91407.06,No,2024-01-03
CUST1304,Male,Single,Employed,Savings,393123.96,184709.27,208414.69,Yes,2024-08-30
CUST1305,Female,Married,Unemployed,Current,307477.58,127449.31,180028.27,Yes,2023-02-19
CUST1306,Male,Married,Self-employed,Savings,437385.25,227122.4,210262.85,Yes,2023-03-25
CUST1307,Male,Divorced,Unemployed,Savings,452683.11,266093.71,186589.4,Yes,2023-02-16
CUST1308,Male,Single,Employed,Savings,240757.91,117402.53,123355.38,Yes,2023-04-17
CUST1309,Male,Married,Self-employed,Current,343812.66,177509.66,166303.0,Yes,2024-03-29
CUST1310,Male,Single,Employed,Current,250205.13,206584.58,43620.55,No,2024-10-11
CUST1311,Female,Married,Self-employed,Current,590268.17,451319.33,138948.84,Yes,2023-12-25
CUST1312,Female,Married,Self-employed,Savings,254700.38,168187.05,86513.33,No,2024-09-29
CUST1313,Male,Divorced,Self-employed,Current,504062.7,246020.09,258042.61,Yes,2024-06-01
CUST1314,Male,Single,Employed,Savings,545819.54,178603.82,367215.72,Yes,2024-10-18
CUST1315,Male,Divorced,Employed,Current,362841.07,229462.98,133378.09,Yes,2023-05-13
CUST1316,Male,Divorced,Self-employed,Current,353070.78,310050.36,43020.42,No,2024-10-20
CUST1317,Female,Married,Unemployed,Savings,446872.92,182347.22,264525.7,Yes,2023-11-07
CUST1318,Male,Single,Employed,Savings,561784.4,210771.76,351012.64,Yes,2024-02-13
CUST1319,Female,Divorced,Unemployed,Savings,115978.05,52494.34,63483.71,No,2023-08-08
CUST1320,Male,Divorced,Unemployed,Savings,32963.56,19484.05,13479.51,No,2024-04-16
CUST1321,Female,Single,Self-employed,Savings,161033.53,49889.91,111143.62,Yes,2023-12-21
CUST1322,Male,Divorced,Unemployed,Savings,271852.64,144114.25,127738.39,Yes,2023-09-11
CUST1323,Female,Single,Unemployed,Current,239167.64,86065.61,153102.03,Yes,2024-12-15
CUST1324,Female,Divorced,Unemployed,Current,42425.68,17689.81,24735.87,No,2024-12-09
CUST1325,Male,Married,Self-employed,Current,750271.65,498639.51,251632.14,Yes,2023-06-06
CUST1326,Female,Divorced,Employed,Savings,719864.88,647827.66,72037.22,No,2023-05-01
CUST1327,Male,Single,Employed,Current,516093.11,363361.44,152731.67,Yes,2023-06-25
CUST1328,Male,Married,Self-employed,Savings,204959.96,180117.37,24842.59,No,2023-01-29
CUST1329,Male,Divorced,Employed,Savings,480004.69,322186.32,157818.37,Yes,2024-09-01
CUST1330,Female,Divorced,Unemployed,Savings,250497.38,220133.1,30364.28,No,2024-02-03
CUST1331,Female,Single,Unemployed,Savings,693518.69,493096.4,200422.29,Yes,2024-01-31
CUST1332,Male,Single,Employed,Current,36400.17,22090.44,14309.73,No,2023-10-26
CUST1333,Female,Divorced,Self-employed,Savings,483468.72,145744.08,337724.64,Yes,2024-04-29
CUST1334,Male,Divorced,Employed,Current,648426.33,342917.72,305508.61,Yes,2024-03-28
CUST1335,Male,Married,Employed,Current,101885.35,54896.13,46989.22,No,2023-05-25
CUST1336,Female,Single,Unemployed,Current,535170.43,467748.57,67421.86,No,2024-10-28
CUST1337,Female,Single,Employed,Current,141277.09,64205.45,77071.64,No,2023-06-06
CUST1338,Male,Divorced,Employed,Savings,531807.25,184405.42,347401.83,Yes,2023-03-05
CUST1339,Female,Married,Employed,Savings,656706.22,571258.33,85447.89,No,2023-04-08
CUST1340,Female,Divorced,Unemployed,Savings,676311.81,540490.96,135820.85,Yes,2024-10-25
CUST1341,Female,Divorced,Self-employed,Current,53705.33,43482.86,10222.47,No,2024-11-07
CUST1342,Female,Married,Self-employed,Current,635568.88,493688.04,141880.84,Yes,2024-05-17
CUST1343,Male,Divorced,Employed,Savings,328848.85,194124.59,134724.26,Yes,2023-10-06
CUST1344,Female,Married,Employed,Current,771805.42,324809.9,446995.52,Yes,2024-03-01
CUST1345,Male,Divorced,Unemployed,Current,190558.63,84678.93,105879.7,Yes,2024-09-08
CUST1346,Female,Single,Self-employed,Savings,394425.73,291672.01,102753.72,Yes,2024-05-16
CUST1347,Female,Married,Employed,Savings,287249.35,215183.57,72065.78,No,2023-05-12
CUST1348,Female,Divorced,Self-employed,Savings,790599.0,440662.03,349936.97,Yes,2024-09-03
CUST1349,Female,Single,Self-employed,Current,518510.9,155912.92,362597.98,Yes,2024-10-01
CUST1350,Female,Divorced,Employed,Current,399970.12,186720.7,213249.42,Yes,2023-07-25
CUST1351,Male,Divorced,Unemployed,Current,742684.7,516406.29,226278.41,Yes,2023-04-29
CUST1352,Male,Divorced,Employed,Current,139468.21,109227.25,30240.96,No,2024-06-21
CUST1353,Female,Single,Self-employed,Savings,652250.72,473039.19,179211.53,Yes,2024-04-15
CUST1354,Female,Married,Employed,Savings,734759.37,367761.03,366998.34,Yes,2023-03-09
CUST1355,Female,Married,Unemployed,Current,504542.31,222369.93,282172.38,Yes,2023-04-20
CUST1356,Female,Single,Self-employed,Savings,764262.6,360812.09,403450.51,Yes,2024-06-08
CUST1357,Male,Single,Employed,Savings,223990.31,199695.35,24294.96,No,2023-10-23
CUST1358,Male,Single,Unemployed,Savings,90505.08,53376.78,37128.3,No,2024-09-26
CUST1359,Male,Married,Employed,Savings,356244.92,249836.2,106408.72,Yes,2024-12-19
CUST1360,Female,Single,Self-employed,Current,338613.32,206408.5,132204.82,Yes,2023-08-06
CUST1361,Female,Single,Self-employed,Current,246799.86,122604.54,124195.32,Yes,2023-06-27
CUST1362,Male,Single,Self-employed,Current,568155.16,189666.66,378488.5,Yes,2024-08-27
CUST1363,Female,Single,Unemployed,Savings,272620.34,184710.81,87909.53,No,2024-11-26
CUST1364,Female,Married,Self-employed,Savings,610045.35,295570.14,314475.21,Yes,2024-08-26
CUST1365,Male,Married,Unemployed,Current,595907.43,435742.71,160164.72,Yes,2023-01-09
CUST1366,Male,Single,Self-employed,Savings,688201.96,433400.47,254801.49,Yes,2023-05-23
CUST1367,Female,Single,Unemployed,Current,401180.21,249697.09,151483.12,Yes,2023-02-18
CUST1368,Male,Single,Self-employed,Savings,622656.98,195849.62,426807.36,Yes,2023-12-01
CUST1369,Female,Divorced,Unemployed,Savings,480637.52,270579.72,210057.8,Yes,2024-07-18
CUST1370,Female,Divorced,Unemployed,Current,214950.8,191139.01,23811.79,No,2024-05-29
CUST1371,Male,Divorced,Self-employed,Current,454791.64,172684.87,282106.77,Yes,2024-01-02
CUST1372,Female,Single,Employed,Current,425352.48,341409.68,83942.8,No,2024-03-04
CUST1373,Female,Married,Self-employed,Savings,663236.26,329634.45,333601.81,Yes,2024-06-18
CUST1374,Male,Divorced,Self-employed,Current,779654.42,509511.84,270142.58,Yes,2024-03-01
CUST1375,Male,Divorced,Self-employed,Savings,742408.56,641304.07,101104.49,Yes,2023-05-03
CUST1376,Female,Single,Self-employed,Current,36319.55,24864.07,11455.48,No,2024-10-19
CUST1377,Female,Single,Employed,Savings,41655.04,14502.79,27152.25,No,2024-09-18
CUST1378,Female,Divorced,Unemployed,Current,588910.03,306318.07,282591.96,Yes,2024-08-22
CUST1379,Female,Married,Employed,Savings,754007.1,562076.44,191930.66,Yes,2023-07-08
CUST1380,Female,Single,Self-employed,Savings,691843.83,490840.2,201003.63,Yes,2023-04-28
CUST1381,Female,Divorced,Employed,Savings,212205.72,126199.57,86006.15,No,2024-07-28
CUST1382,Female,Divorced,Unemployed,Savings,562813.66,433278.23,129535.43,Yes,2024-12-15
CUST1383,Female,Divorced,Employed,Savings,682393.51,458761.96,223631.55,Yes,2024-03-12
CUST1384,Female,Single,Employed,Current,689147.68,355952.49,333195.19,Yes,2024-12-26
CUST1385,Male,Married,Employed,Current,75782.64,35541.81,40240.83,No,2023-01-18
CUST1386,Female,Married,Unemployed,Current,653089.61,296527.63,356561.98,Yes,2023-02-22
CUST1387,Male,Single,Self-employed,Current,400608.21,262221.32,138386.89,Yes,2024-06-03
CUST1388,Male,Divorced,Unemployed,Current,489775.02,161793.86,327981.16,Yes,2023-12-06
CUST1389,Female,Single,Unemployed,Current,98393.69,82978.2,15415.49,No,2023-04-13
CUST1390,Female,Married,Unemployed,Current,409929.32,249003.85,160925.47,Yes,2024-07-16
CUST1391,Female,Married,Employed,Savings,652131.36,323024.59,329106.77,Yes,2024-02-01
CUST1392,Male,Single,Self-employed,Current,444664.37,162951.71,281712.66,Yes,2023-05-16
CUST1393,Male,Divorced,Employed,Current,355162.83,148114.88,207047.95,Yes,2024-03-17
CUST1394,Male,Divorced,Self-employed,Current,472192.64,391314.86,80877.78,No,2023-09-04
CUST1395,Male,Single,Unemployed,Savings,364246.97,150476.48,213770.49,Yes,2023-07-29
CUST1396,Female,Married,Employed,Current,777099.7,692313.17,84786.53,No,2024-08-11
CUST1397,Female,Divorced,Employed,Savings,304003.83,244307.31,59696.52,No,2024-06-01
CUST1398,Male,Single,Employed,Current,241040.52,109713.5,131327.02,Yes,2024-12-03
CUST1399,Male,Single,Self-employed,Current,537148.78,378205.05,158943.73,Yes,2023-06-24
CUST1400,Male,Divorced,Employed,Current,207906.12,68840.16,139065.96,Yes,2024-11-25
CUST1401,Female,Single,Self-employed,Current,176820.69,90557.27,86263.42,No,2024-11-28
CUST1402,Female,Divorced,Self-employed,Savings,28178.84,13658.15,14520.69,No,2023-05-09
CUST1403,Female,Divorced,Self-employed,Savings,242166.45,182992.47,59173.98,No,2023-09-19
CUST1404,Female,Married,Self-employed,Current,637048.66,357427.41,279621.25,Yes,2024-10-30
CUST1405,Female,Divorced,Unemployed,Savings,179696.62,102961.4,76735.22,No,2023-08-06
CUST1406,Male,Divorced,Unemployed,Savings,192856.5,99675.19,93181.31,No,2024-12-09
CUST1407,Male,Single,Employed,Current,671885.21,374457.68,297427.53,Yes,2023-11-27
CUST1408,Female,Single,Self-employed,Current,695089.21,451066.22,244022.99,Yes,2024-07-21
CUST1409,Male,Single,Unemployed,Savings,499943.84,321582.9,178360.94,Yes,2024-03-12
CUST1410,Male,Single,Unemployed,Current,677351.85,273784.62,403567.23,Yes,2023-07-06
CUST1411,Male,Married,Employed,Current,580247.41,176609.83,403637.58,Yes,2023-08-16
CUST1412,Male,Single,Employed,Savings,315208.87,162746.57,152462.3,Yes,2023-07-09
CUST1413,Male,Divorced,Unemployed,Savings,498245.18,347087.22,151157.96,Yes,2023-09-26
CUST1414,Male,Married,Unemployed,Savings,267504.69,135623.29,131881.4,Yes,2023-09-06
CUST1415,Female,Divorced,Unemployed,Current,690303.0,208009.82,482293.18,Yes,2023-02-21
CUST1416,Female,Single,Unemployed,Current,357979.49,144148.76,213830.73,Yes,2023-12-28
CUST1417,Male,Single,Employed,Current,317626.04,189290.77,128335.27,Yes,2023-06-19
CUST1418,Female,Single,Unemployed,Current,484070.91,184738.59,299332.32,Yes,2023-12-26
CUST1419,Male,Single,Unemployed,Current,409721.12,366726.62,42994.5,No,2023-12-13
CUST1420,Female,Married,Employed,Current,622591.48,305440.75,317150.73,Yes,2024-11-12
CUST1421,Male,Married,Employed,Savings,314432.56,231801.47,82631.09,No,2023-05-16
CUST1422,Male,Single,Employed,Savings,381135.64,302425.63,78710.01,No,2024-02-27
CUST1423,Female,Single,Employed,Current,784154.26,464376.07,319778.19,Yes,2024-03-14
CUST1424,Female,Divorced,Self-employed,Savings,308874.69,190401.32,118473.37,Yes,2024-02-23
CUST1425,Female,Single,Unemployed,Savings,170775.62,52863.39,117912.23,Yes,2023-03-30
CUST1426,Male,Divorced,Employed,Savings,155443.2,67980.21,87462.99,No,2024-10-03
CUST1427,Female,Married,Self-employed,Savings,293867.29,217544.43,76322.86,No,2023-04-15
CUST1428,Female,Single,Unemployed,Current,691716.18,454051.37,237664.81,Yes,2024-02-09
CUST1429,Female,Divorced,Employed,Current,176822.38,157080.28,19742.1,No,2024-09-19
CUST1430,Male,Married,Employed,Current,233048.9,95072.08,137976.82,Yes,2024-12-24
CUST1431,Female,Single,Employed,Savings,399382.83,293186.22,106196.61,Yes,2023-08-13
CUST1432,Female,Divorced,Self-employed,Savings,634247.63,322558.54,311689.09,Yes,2023-04-15
CUST1433,Female,Single,Self-employed,Savings,408988.46,224215.34,184773.12,Yes,2023-10-26
CUST1434,Male,Divorced,Self-employed,Current,579298.71,441604.64,137694.07,Yes,2023-10-29
CUST1435,Female,Single,Employed,Savings,391883.25,264282.05,127601.2,Yes,2023-12-22
CUST1436,Male,Single,Unemployed,Savings,47694.94,42384.09,5310.85,No,2023-10-12
CUST1437,Male,Married,Self-employed,Current,158279.29,122042.6,36236.69,No,2023-03-24
CUST1438,Male,Single,Unemployed,Current,609694.11,420945.94,188748.17,Yes,2023-05-29
CUST1439,Female,Divorced,Self-employed,Savings,259286.94,103762.67,155524.27,Yes,2023-01-04
CUST1440,Female,Single,Self-employed,Current,293573.83,150948.84,142624.99,Yes,2024-10-19
CUST1441,Male,Divorced,Unemployed,Savings,651682.51,444264.46,207418.05,Yes,2023-06-06
CUST1442,Male,Divorced,Employed,Savings,190019.85,151516.59,38503.26,No,2024-01-23
CUST1443,Male,Single,Employed,Savings,115130.03,74187.38,40942.65,No,2023-05-24
CUST1444,Male,Married,Unemployed,Savings,199144.19,83216.93,115927.26,Yes,2024-02-02
CUST1445,Male,Divorced,Employed,Current,357609.87,228203.69,129406.18,Yes,2023-06-15
CUST1446,Male,Divorced,Employed,Savings,201069.31,166246.87,34822.44,No,2024-02-23
CUST1447,Female,Divorced,Employed,Current,227179.44,181171.42,46008.02,No,2024-11-24
CUST1448,Male,Divorced,Self-employed,Current,161403.83,126371.86,35031.97,No,2024-07-18
CUST1449,Male,Divorced,Employed,Savings,519019.92,389155.83,129864.09,Yes,2023-03-09
CUST1450,Female,Married,Self-employed,Current,162279.38,142677.99,19601.39,No,2024-10-06
CUST1451,Female,Married,Self-employed,Current,145825.37,56026.29,89799.08,No,2023-09-23
CUST1452,Female,Single,Unemployed,Current,555046.42,199879.28,355167.14,Yes,2024-01-06
CUST1453,Female,Divorced,Self-employed,Savings,214110.23,168520.16,45590.07,No,2024-11-02
CUST1454,Male,Married,Employed,Current,379766.11,232238.14,147527.97,Yes,2024-05-24
CUST1455,Male,Married,Employed,Current,362989.8,326046.47,36943.33,No,2023-08-03
CUST1456,Male,Single,Employed,Current,328057.85,130728.84,197329.01,Yes,2023-10-04
CUST1457,Male,Single,Self-employed,Savings,296528.61,115806.31,180722.3,Yes,2023-11-03
CUST1458,Female,Divorced,Employed,Current,295232.73,90462.79,204769.94,Yes,2023-08-15
CUST1459,Male,Single,Self-employed,Current,216302.51,138868.92,77433.59,No,2023-07-22
CUST1460,Male,Divorced,Employed,Savings,609669.86,299763.91,309905.95,Yes,2024-11-25
CUST1461,Male,Married,Employed,Savings,628548.05,462000.89,166547.16,Yes,2023-01-30
CUST1462,Female,Single,Unemployed,Savings,418020.37,196395.51,221624.86,Yes,2024-01-02
CUST1463,Female,Married,Unemployed,Current,443546.35,337304.24,106242.11,Yes,2024-05-31
CUST1464,Male,Single,Unemployed,Current,340791.95,173546.4,167245.55,Yes,2024-11-01
CUST1465,Male,Married,Unemployed,Savings,227365.93,92442.59,134923.34,Yes,2023-07-22
CUST1466,Male,Married,Self-employed,Current,123363.75,107806.06,15557.69,No,2024-08-09
CUST1467,Female,Single,Employed,Current,695348.13,307611.12,387737.01,Yes,2024-04-18
CUST1468,Male,Divorced,Unemployed,Savings,632468.47,330644.15,301824.32,Yes,2023-10-25
CUST1469,Male,Married,Employed,Savings,719603.61,404476.8,315126.81,Yes,2023-05-17
CUST1470,Female,Divorced,Employed,Savings,147752.89,86067.05,61685.84,No,2024-11-24
CUST1471,Female,Divorced,Self-employed,Current,195341.15,62529.59,132811.56,Yes,2023-04-13
CUST1472,Female,Married,Employed,Current,410162.63,290731.63,119431.0,Yes,2023-10-27
CUST1473,Male,Single,Employed,Current,579210.18,322582.39,256627.79,Yes,2023-11-06
CUST1474,Male,Single,Self-employed,Current,530015.71,412552.07,117463.64,Yes,2024-01-20
CUST1475,Female,Divorced,Employed,Current,268874.14,162664.31,106209.83,Yes,2024-01-10
CUST1476,Female,Single,Self-employed,Savings,270058.94,139177.7,130881.24,Yes,2024-10-08
CUST1477,Female,Single,Self-employed,Savings,410580.78,133384.21,277196.57,Yes,2023-09-09
CUST1478,Female,Married,Unemployed,Savings,278015.42,214654.48,63360.94,No,2024-09-27
CUST1479,Female,Divorced,Unemployed,Current,434941.41,152000.97,282940.44,Yes,2024-06-29
CUST1480,Male,Single,Self-employed,Savings,111901.06,41093.56,70807.5,No,2023-04-04
CUST1481,Male,Married,Self-employed,Savings,360950.04,183673.22,177276.82,Yes,2024-05-02
CUST1482,Male,Single,Employed,Current,482368.0,414291.26,68076.74,No,2023-01-13
CUST1483,Female,Married,Employed,Current,34949.44,20017.88,14931.56,No,2023-10-06
CUST1484,Female,Divorced,Unemployed,Current,223658.72,86089.34,137569.38,Yes,2023-10-16
CUST1485,Male,Single,Unemployed,Current,781865.28,358938.13,422927.15,Yes,2023-01-10
CUST1486,Male,Married,Unemployed,Savings,127823.92,41534.21,86289.71,No,2023-06-13
CUST1487,Female,Divorced,Self-employed,Current,278451.2,97039.36,181411.84,Yes,2024-04-06
CUST1488,Female,Married,Employed,Current,274891.86,193668.63,81223.23,No,2023-12-27
CUST1489,Male,Divorced,Unemployed,Savings,344769.23,207660.72,137108.51,Yes,2023-05-23
CUST1490,Male,Married,Unemployed,Savings,122007.9,106125.45,15882.45,No,2023-08-08
CUST1491,Male,Divorced,Self-employed,Savings,675256.77,234612.93,440643.84,Yes,2024-02-27
CUST1492,Male,Single,Self-employed,Current,176902.05,83513.18,93388.87,No,2023-10-04
CUST1493,Male,Divorced,Unemployed,Current,799801.21,465444.79,334356.42,Yes,2024-10-02
CUST1494,Male,Single,Employed,Savings,569742.98,296252.18,273490.8,Yes,2023-08-31
CUST1495,Female,Divorced,Unemployed,Current,596315.34,503822.73,92492.61,No,2023-06-18
CUST1496,Male,Single,Self-employed,Current,343308.55,143767.21,199541.34,Yes,2023-11-19
CUST1497,Female,Married,Unemployed,Current,618398.55,473284.88,145113.67,Yes,2024-06-19
CUST1498,Female,Single,Unemployed,Current,501115.88,294614.66,206501.22,Yes,2024-05-29
CUST1499,Male,Single,Unemployed,Current,83992.38,35417.85,48574.53,No,2023-08-04
CUST1500,Female,Single,Self-employed,Savings,798865.52,703890.21,94975.31,No,2024-07-09
CUST1501,Female,Single,Self-employed,Savings,493894.4,283432.81,210461.59,Yes,2024-07-31
CUST1502,Male,Divorced,Unemployed,Savings,139286.3,62725.63,76560.67,No,2023-01-14
CUST1503,Female,Married,Unemployed,Current,270597.97,119552.62,151045.35,Yes,2023-05-12
CUST1504,Female,Divorced,Self-employed,Current,373544.91,326713.44,46831.47,No,2023-05-12
CUST1505,Female,Single,Unemployed,Savings,708240.33,314775.7,393464.63,Yes,2023-07-27
CUST1506,Male,Single,Employed,Current,684725.61,515584.07,169141.54,Yes,2023-09-23
CUST1507,Male,Married,Self-employed,Savings,585895.35,413125.69,172769.66,Yes,2023-10-19
CUST1508,Male,Single,Self-employed,Current,784512.55,500623.42,283889.13,Yes,2024-03-08
CUST1509,Male,Married,Employed,Current,760954.59,379175.95,381778.64,Yes,2023-11-05
CUST1510,Male,Single,Unemployed,Savings,708585.57,282369.98,426215.59,Yes,2023-07-15
CUST1511,Female,Divorced,Unemployed,Current,259136.69,177462.57,81674.12,No,2024-09-11
CUST1512,Male,Single,Self-employed,Savings,630462.16,367973.31,262488.85,Yes,2023-10-01
CUST1513,Female,Single,Employed,Current,105488.51,63239.93,42248.58,No,2024-01-12
CUST1514,Male,Married,Self-employed,Savings,566284.78,348960.35,217324.43,Yes,2023-04-24
CUST1515,Female,Married,Self-employed,Savings,103896.61,82954.84,20941.77,No,2023-10-10
CUST1516,Male,Married,Employed,Savings,253334.81,167968.44,85366.37,No,2024-01-15
CUST1517,Male,Divorced,Employed,Current,699586.15,572891.03,126695.12,Yes,2024-12-03
CUST1518,Female,Married,Self-employed,Savings,181523.88,104778.35,76745.53,No,2023-04-03
CUST1519,Male,Single,Unemployed,Current,510014.22,306817.56,203196.66,Yes,2023-11-05
CUST1520,Male,Married,Employed,Savings,500651.17,155313.3,345337.87,Yes,2023-05-30
CUST1521,Female,Single,Employed,Current,149655.61,105587.45,44068.16,No,2024-11-19
CUST1522,Female,Single,Unemployed,Savings,183403.68,130189.1,53214.58,No,2023-09-11
CUST1523,Male,Divorced,Employed,Current,651758.95,280135.6,371623.35,Yes,2023-02-22
CUST1524,Male,Divorced,Unemployed,Savings,515438.48,361577.11,153861.37,Yes,2024-10-14
CUST1525,Female,Single,Self-employed,Savings,277274.82,220375.65,56899.17,No,2023-12-17
CUST1526,Female,Single,Self-employed,Current,428606.66,222476.77,206129.89,Yes,2024-01-01
CUST1527,Male,Single,Self-employed,Savings,83634.35,70954.69,12679.66,No,2023-11-10
CUST1528,Female,Married,Self-employed,Current,260137.48,232204.25,27933.23,No,2023-03-03
CUST1529,Male,Single,Employed,Savings,97539.01,84136.22,13402.79,No,2023-03-07
CUST1530,Male,Divorced,Employed,Current,249126.11,116033.08,133093.03,Yes,2024-01-19
CUST1531,Female,Single,Unemployed,Current,417231.03,353835.85,63395.18,No,2024-02-07
CUST1532,Male,Divorced,Self-employed,Current,297114.36,199736.35,97378.01,No,2024-08-24
CUST1533,Female,Married,Employed,Current,273289.57,87207.19,186082.38,Yes,2024-06-21
CUST1534,Male,Married,Unemployed,Current,734559.29,305463.13,429096.16,Yes,2023-10-20
CUST1535,Male,Divorced,Unemployed,Savings,718780.78,616771.05,102009.73,Yes,2024-07-04
CUST1536,Male,Single,Employed,Savings,340747.68,156480.21,184267.47,Yes,2023-06-13
CUST1537,Female,Married,Unemployed,Current,626874.01,488057.13,138816.88,Yes,2024-04-04
CUST1538,Male,Married,Unemployed,Savings,461102.9,393196.97,67905.93,No,2023-09-28
CUST1539,Female,Single,Self-employed,Current,407845.64,291031.09,116814.55,Yes,2024-12-12
CUST1540,Male,Divorced,Self-employed,Current,546830.68,203781.4,343049.28,Yes,2024-07-12
CUST1541,Male,Divorced,Employed,Savings,369411.67,290596.03,78815.64,No,2024-03-01
CUST1542,Male,Single,Self-employed,Savings,430645.33,135050.96,295594.37,Yes,2024-12-31
CUST1543,Male,Single,Unemployed,Current,555300.94,395715.1,159585.84,Yes,2023-07-19
CUST1544,Male,Single,Unemployed,Savings,547100.21,444897.05,102203.16,Yes,2024-09-11
CUST1545,Male,Single,Self-employed,Savings,68395.57,57177.76,11217.81,No,2023-12-25
CUST1546,Female,Single,Unemployed,Savings,324847.91,148643.26,176204.65,Yes,2024-06-20
CUST1547,Female,Married,Unemployed,Savings,212897.47,65028.45,147869.02,Yes,2023-02-03
CUST1548,Female,Single,Self-employed,Savings,313970.21,127599.85,186370.36,Yes,2024-10-23
CUST1549,Female,Divorced,Self-employed,Current,195563.42,87340.59,108222.83,Yes,2023-03-13
CUST1550,Male,Divorced,Unemployed,Savings,167114.06,88789.15,78324.91,No,2024-12-09
CUST1551,Female,Married,Employed,Current,74274.83,22596.41,51678.42,No,2023-03-02
CUST1552,Female,Single,Employed,Current,414663.07,295790.13,118872.94,Yes,2023-11-28
CUST1553,Male,Married,Employed,Current,682534.45,493236.5,189297.95,Yes,2024-06-29
CUST1554,Male,Divorced,Unemployed,Savings,727767.34,590831.71,136935.63,Yes,2023-04-23
CUST1555,Male,Married,Unemployed,Current,265027.37,228227.17,36800.2,No,2023-02-12
CUST1556,Female,Married,Self-employed,Current,519335.07,252444.32,266890.75,Yes,2024-01-22
CUST1557,Male,Divorced,Employed,Savings,631540.1,284689.75,346850.35,Yes,2023-05-26
CUST1558,Female,Divorced,Self-employed,Savings,75967.68,62941.72,13025.96,No,2024-12-16
CUST1559,Male,Married,Unemployed,Savings,72207.59,45393.87,26813.72,No,2024-12-09
CUST1560,Female,Single,Employed,Current,261148.48,160000.38,101148.1,Yes,2023-10-09
CUST1561,Male,Divorced,Unemployed,Current,500402.9,411826.02,88576.88,No,2024-10-28
CUST1562,Male,Single,Employed,Current,331416.01,178281.24,153134.77,Yes,2023-05-03
CUST1563,Female,Married,Employed,Current,638069.56,233197.58,404871.98,Yes,2024-07-15
CUST1564,Female,Married,Self-employed,Savings,53632.4,18109.27,35523.13,No,2024-07-22
CUST1565,Female,Divorced,Unemployed,Current,620592.81,308946.6,311646.21,Yes,2023-12-21
CUST1566,Male,Divorced,Unemployed,Current,665926.03,548045.77,117880.26,Yes,2024-09-17
CUST1567,Female,Divorced,Self-employed,Savings,117050.91,47503.61,69547.3,No,2024-10-30
CUST1568,Male,Divorced,Self-employed,Savings,166140.28,76052.39,90087.89,No,2024-10-25
CUST1569,Male,Single,Employed,Current,79851.1,53134.49,26716.61,No,2024-05-27
CUST1570,Female,Single,Self-employed,Current,546915.67,320858.8,226056.87,Yes,2023-11-01
CUST1571,Female,Single,Unemployed,Current,23631.71,15484.82,8146.89,No,2024-05-28
CUST1572,Male,Single,Self-employed,Current,359031.17,296705.37,62325.8,No,2024-03-16
CUST1573,Female,Married,Unemployed,Savings,342850.09,180999.36,161850.73,Yes,2024-04-22
CUST1574,Female,Divorced,Self-employed,Savings,496325.55,363291.5,133034.05,Yes,2024-05-01
CUST1575,Female,Married,Unemployed,Current,114020.27,60899.12,53121.15,No,2023-10-21
CUST1576,Male,Single,Employed,Savings,652860.22,366514.38,286345.84,Yes,2024-01-12
CUST1577,Female,Divorced,Employed,Current,488914.71,280481.51,208433.2,Yes,2023-08-26
CUST1578,Female,Divorced,Employed,Savings,565248.86,352311.58,212937.28,Yes,2023-01-12
CUST1579,Female,Divorced,Employed,Current,480567.33,388812.41,91754.92,No,2024-10-01
CUST1580,Female,Single,Self-employed,Current,184640.88,79804.36,104836.52,Yes,2023-10-21
CUST1581,Male,Divorced,Unemployed,Current,125421.83,51501.86,73919.97,No,2023-02-05
CUST1582,Female,Single,Employed,Current,659504.61,304136.28,355368.33,Yes,2024-11-01
CUST1583,Male,Married,Employed,Current,231118.59,115732.4,115386.19,Yes,2023-04-11
CUST1584,Male,Divorced,Self-employed,Current,597356.91,280156.02,317200.89,Yes,2024-01-24
CUST1585,Female,Married,Employed,Savings,100151.09,58516.67,41634.42,No,2024-02-29
CUST1586,Female,Single,Employed,Current,216452.49,97845.46,118607.03,Yes,2023-05-22
CUST1587,Female,Divorced,Unemployed,Savings,658159.39,244895.41,413263.98,Yes,2023-07-12
CUST1588,Female,Divorced,Employed,Savings,538518.47,359714.25,178804.22,Yes,2023-10-05
CUST1589,Male,Single,Self-employed,Savings,483089.58,213953.19,269136.39,Yes,2024-05-15
CUST1590,Male,Divorced,Employed,Savings,631374.04,501506.54,129867.5,Yes,2024-03-29
CUST1591,Male,Divorced,Unemployed,Current,529888.61,414639.66,115248.95,Yes,2024-12-20
CUST1592,Male,Married,Unemployed,Current,666628.35,307346.39,359281.96,Yes,2024-03-08
CUST1593,Female,Married,Self-employed,Savings,566879.27,397740.26,169139.01,Yes,2024-06-19
CUST1594,Female,Divorced,Employed,Savings,242874.45,145429.68,97444.77,No,2024-08-23
CUST1595,Female,Single,Self-employed,Current,552948.43,231570.97,321377.46,Yes,2023-02-21
CUST1596,Male,Married,Self-employed,Current,178788.6,115175.27,63613.33,No,2023-01-23
CUST1597,Male,Married,Self-employed,Current,168741.32,132842.36,35898.96,No,2024-05-18
CUST1598,Male,Divorced,Unemployed,Current,235505.73,146759.51,88746.22,No,2024-11-29
CUST1599,Female,Married,Unemployed,Current,169500.84,81059.32,88441.52,No,2023-02-27
CUST1600,Male,Single,Unemployed,Savings,106583.15,73951.56,32631.59,No,2023-12-18
CUST1601,Male,Single,Self-employed,Current,495341.72,421194.99,74146.73,No,2023-01-30
CUST1602,Female,Single,Self-employed,Current,539845.48,287033.58,252811.9,Yes,2024-07-25
CUST1603,Female,Divorced,Employed,Savings,134674.21,69347.91,65326.3,No,2024-04-07
CUST1604,Male,Divorced,Employed,Current,370198.73,112215.03,257983.7,Yes,2023-01-01
CUST1605,Male,Divorced,Self-employed,Savings,371096.8,126945.64,244151.16,Yes,2023-12-13
CUST1606,Male,Divorced,Self-employed,Current,780029.92,308445.26,471584.66,Yes,2024-08-19
CUST1607,Male,Divorced,Self-employed,Savings,41301.58,24262.08,17039.5,No,2024-10-10
CUST1608,Female,Single,Unemployed,Current,582624.52,315270.24,267354.28,Yes,2023-07-03
CUST1609,Female,Divorced,Employed,Current,124665.98,80214.54,44451.44,No,2024-05-27
CUST1610,Female,Married,Employed,Savings,416615.19,340996.35,75618.84,No,2024-04-18
CUST1611,Male,Married,Self-employed,Savings,539109.61,354328.71,184780.9,Yes,2024-05-26
CUST1612,Male,Single,Self-employed,Savings,258983.5,141284.44,117699.06,Yes,2023-05-28
CUST1613,Male,Divorced,Self-employed,Current,140893.17,79885.09,61008.08,No,2024-11-12
CUST1614,Male,Married,Unemployed,Current,648297.09,534009.86,114287.23,Yes,2023-08-03
CUST1615,Male,Divorced,Unemployed,Savings,539429.34,470708.04,68721.3,No,2023-03-12
CUST1616,Female,Married,Self-employed,Current,24493.11,7413.81,17079.3,No,2023-08-07
CUST1617,Male,Married,Unemployed,Current,515750.45,221900.78,293849.67,Yes,2023-03-07
CUST1618,Male,Divorced,Self-employed,Savings,176879.14,141835.16,35043.98,No,2024-03-22
CUST1619,Female,Divorced,Self-employed,Current,43492.26,17715.52,25776.74,No,2023-08-20
CUST1620,Female,Married,Self-employed,Savings,378341.38,316628.96,61712.42,No,2023-12-05
CUST1621,Female,Married,Employed,Current,392520.16,140673.88,251846.28,Yes,2023-06-22
CUST1622,Male,Divorced,Unemployed,Current,75785.25,32340.69,43444.56,No,2023-11-23
CUST1623,Male,Single,Self-employed,Savings,759658.11,454438.27,305219.84,Yes,2024-02-23
CUST1624,Male,Divorced,Employed,Current,520378.28,342888.29,177489.99,Yes,2024-08-01
CUST1625,Female,Married,Self-employed,Savings,124573.86,66341.75,58232.11,No,2024-09-22
CUST1626,Female,Divorced,Unemployed,Savings,579525.94,422168.44,157357.5,Yes,2023-08-15
CUST1627,Male,Divorced,Unemployed,Savings,615048.83,528879.4,86169.43,No,2023-01-10
CUST1628,Male,Single,Employed,Current,614970.17,546639.81,68330.36,No,2024-08-28
CUST1629,Female,Divorced,Self-employed,Current,566989.94,319604.43,247385.51,Yes,2023-04-29
CUST1630,Male,Divorced,Self-employed,Savings,152419.31,62831.14,89588.17,No,2024-08-05
CUST1631,Female,Married,Unemployed,Current,226384.37,102898.02,123486.35,Yes,2024-03-23
CUST1632,Female,Divorced,Unemployed,Savings,716555.92,435268.05,281287.87,Yes,2024-06-03
CUST1633,Male,Divorced,Unemployed,Current,707257.17,444375.43,262881.74,Yes,2024-01-08
CUST1634,Male,Divorced,Self-employed,Current,689525.71,512677.59,176848.12,Yes,2024-09-16
CUST1635,Male,Married,Self-employed,Current,128126.3,60602.67,67523.63,No,2024-08-15
CUST1636,Female,Single,Self-employed,Current,521276.63,304809.47,216467.16,Yes,2024-07-02
CUST1637,Male,Single,Self-employed,Savings,272566.52,85402.83,187163.69,Yes,2023-10-04
CUST1638,Female,Divorced,Self-employed,Savings,447206.71,309817.85,137388.86,Yes,2023-12-22
CUST1639,Female,Divorced,Self-employed,Savings,711759.89,313838.63,397921.26,Yes,2023-11-02
CUST1640,Female,Divorced,Employed,Current,217867.76,91541.37,126326.39,Yes,2023-11-07
CUST1641,Male,Single,Unemployed,Current,540655.66,340683.64,199972.02,Yes,2024-10-10
CUST1642,Male,Single,Employed,Current,253369.87,194240.05,59129.82,No,2023-12-23
CUST1643,Female,Divorced,Employed,Current,545059.47,170793.38,374266.09,Yes,2023-03-18
CUST1644,Female,Married,Unemployed,Current,121705.18,43346.24,78358.94,No,2024-10-07
CUST1645,Male,Single,Self-employed,Savings,714846.78,637673.99,77172.79,No,2024-12-08
CUST1646,Male,Married,Employed,Current,227872.95,122802.75,105070.2,Yes,2023-10-06
CUST1647,Male,Divorced,Self-employed,Current,166701.91,114920.4,51781.51,No,2024-06-29
CUST1648,Female,Single,Unemployed,Current,106130.61,86711.22,19419.39,No,2023-02-22
CUST1649,Female,Married,Employed,Savings,153361.6,124290.8,29070.8,No,2023-06-04
CUST1650,Female,Married,Unemployed,Current,187509.44,65528.18,121981.26,Yes,2024-03-08
CUST1651,Female,Single,Unemployed,Current,483084.35,172691.98,310392.37,Yes,2023-04-09
CUST1652,Female,Married,Employed,Savings,170950.43,86930.02,84020.41,No,2023-05-01
CUST1653,Female,Married,Employed,Current,322025.1,219398.74,102626.36,Yes,2023-02-06
CUST1654,Male,Single,Employed,Current,417042.88,175112.06,241930.82,Yes,2024-07-12
CUST1655,Male,Single,Unemployed,Current,576966.19,226728.34,350237.85,Yes,2024-03-28
CUST1656,Male,Divorced,Employed,Current,45520.65,31708.32,13812.33,No,2024-11-11
CUST1657,Female,Single,Self-employed,Savings,367358.15,308334.69,59023.46,No,2024-07-25
CUST1658,Male,Married,Unemployed,Current,275544.84,102932.89,172611.95,Yes,2023-12-21
CUST1659,Male,Single,Employed,Savings,661734.23,322879.49,338854.74,Yes,2023-07-23
CUST1660,Female,Single,Unemployed,Savings,746020.04,378091.95,367928.09,Yes,2024-06-18
CUST1661,Female,Divorced,Unemployed,Savings,258572.9,227786.01,30786.89,No,2023-11-26
CUST1662,Male,Single,Employed,Current,59669.02,19457.04,40211.98,No,2023-10-17
CUST1663,Female,Divorced,Employed,Savings,339866.31,245973.64,93892.67,No,2023-08-02
CUST1664,Female,Single,Employed,Savings,795035.0,602552.27,192482.73,Yes,2024-08-08
CUST1665,Male,Married,Unemployed,Savings,791662.93,240954.56,550708.37,Yes,2023-04-29
CUST1666,Male,Divorced,Self-employed,Savings,543944.39,458922.24,85022.15,No,2023-09-06
CUST1667,Female,Divorced,Self-employed,Savings,641107.49,435290.87,205816.62,Yes,2023-01-21
CUST1668,Male,Single,Self-employed,Current,139296.41,94563.04,44733.37,No,2024-06-20
CUST1669,Female,Divorced,Unemployed,Savings,61159.43,39706.95,21452.48,No,2024-07-12
CUST1670,Female,Divorced,Unemployed,Current,519284.33,268051.66,251232.67,Yes,2024-03-20
CUST1671,Female,Single,Employed,Current,222058.87,133234.4,88824.47,No,2024-08-07
CUST1672,Male,Single,Unemployed,Current,696618.44,330297.87,366320.57,Yes,2023-08-18
CUST1673,Female,Single,Unemployed,Current,685907.46,223915.52,461991.94,Yes,2023-05-10
CUST1674,Female,Divorced,Self-employed,Savings,708934.59,520354.95,188579.64,Yes,2023-09-02
CUST1675,Female,Divorced,Self-employed,Savings,710395.67,254559.91,455835.76,Yes,2024-11-05
CUST1676,Male,Single,Self-employed,Savings,423491.06,189480.36,234010.7,Yes,2024-04-26
CUST1677,Male,Divorced,Self-employed,Current,501169.39,392596.24,108573.15,Yes,2023-06-05
CUST1678,Female,Single,Unemployed,Savings,143803.17,73662.63,70140.54,No,2023-08-31
CUST1679,Female,Divorced,Unemployed,Current,386731.48,145536.26,241195.22,Yes,2023-09-04
CUST1680,Female,Married,Unemployed,Savings,384505.78,252466.6,132039.18,Yes,2024-10-28
CUST1681,Female,Single,Self-employed,Savings,118669.96,73489.43,45180.53,No,2024-07-14
CUST1682,Male,Divorced,Self-employed,Savings,130504.59,90540.94,39963.65,No,2024-09-29
CUST1683,Male,Divorced,Self-employed,Current,539792.62,290720.67,249071.95,Yes,2023-06-19
CUST1684,Male,Married,Employed,Current,746094.26,235443.81,510650.45,Yes,2024-01-28
CUST1685,Male,Married,Unemployed,Current,159831.66,110588.4,49243.26,No,2023-11-04
CUST1686,Male,Single,Employed,Current,94130.78,28808.33,65322.45,No,2023-07-21
CUST1687,Female,Single,Employed,Current,230049.03,118428.24,111620.79,Yes,2024-12-07
CUST1688,Male,Divorced,Self-employed,Savings,20684.11,6947.79,13736.32,No,2023-03-13
CUST1689,Female,Divorced,Self-employed,Savings,79880.91,41016.86,38864.05,No,2024-08-19
CUST1690,Male,Married,Self-employed,Current,169749.41,127398.19,42351.22,No,2024-06-20
CUST1691,Female,Divorced,Employed,Savings,327403.77,140137.42,187266.35,Yes,2023-04-05
CUST1692,Female,Divorced,Self-employed,Current,313235.7,195033.55,118202.15,Yes,2024-06-27
CUST1693,Female,Single,Unemployed,Current,288682.78,145571.15,143111.63,Yes,2024-08-14
CUST1694,Male,Single,Self-employed,Current,334828.0,236155.88,98672.12,No,2024-10-22
CUST1695,Female,Married,Self-employed,Current,269879.69,121915.03,147964.66,Yes,2024-03-06
CUST1696,Male,Divorced,Self-employed,Savings,204029.59,168630.71,35398.88,No,2023-01-07
CUST1697,Female,Married,Unemployed,Savings,61624.37,36726.28,24898.09,No,2024-10-02
CUST1698,Male,Divorced,Self-employed,Savings,129129.86,58901.4,70228.46,No,2023-03-10
CUST1699,Female,Single,Self-employed,Savings,181503.23,128478.67,53024.56,No,2023-01-25
CUST1700,Female,Married,Employed,Current,284076.69,91681.49,192395.2,Yes,2024-09-07
CUST1701,Female,Divorced,Employed,Savings,410718.24,131893.58,278824.66,Yes,2023-11-02
CUST1702,Female,Divorced,Employed,Current,404060.9,224455.32,179605.58,Yes,2024-10-17
CUST1703,Male,Divorced,Self-employed,Current,561006.0,364058.05,196947.95,Yes,2024-03-26
CUST1704,Female,Married,Self-employed,Current,606366.96,260160.06,346206.9,Yes,2023-11-07
CUST1705,Male,Single,Unemployed,Savings,158189.3,95426.48,62762.82,No,2023-12-29
CUST1706,Female,Single,Self-employed,Current,725437.38,417983.9,307453.48,Yes,2024-12-17
CUST1707,Male,Divorced,Employed,Current,485157.76,426335.06,58822.7,No,2024-01-30
CUST1708,Female,Single,Unemployed,Current,796799.95,350523.9,446276.05,Yes,2023-04-05
CUST1709,Male,Single,Employed,Savings,380455.49,209744.36,170711.13,Yes,2023-10-12
CUST1710,Male,Married,Self-employed,Savings,314074.57,151478.34,162596.23,Yes,2023-04-25
CUST1711,Male,Divorced,Employed,Current,168145.49,75061.03,93084.46,No,2023-10-13
CUST1712,Male,Divorced,Employed,Current,516465.42,366639.75,149825.67,Yes,2023-10-09
CUST1713,Male,Married,Self-employed,Current,379019.29,267420.27,111599.02,Yes,2023-01-28
CUST1714,Female,Divorced,Self-employed,Savings,732009.68,258498.42,473511.26,Yes,2023-12-06
CUST1715,Male,Single,Unemployed,Current,216953.98,153043.94,63910.04,No,2023-05-23
CUST1716,Female,Divorced,Unemployed,Savings,63865.19,47200.37,16664.82,No,2024-01-09
CUST1717,Female,Married,Self-employed,Current,448063.16,298723.49,149339.67,Yes,2024-05-25
CUST1718,Male,Single,Employed,Current,632059.28,462148.95,169910.33,Yes,2023-08-18
CUST1719,Female,Divorced,Employed,Savings,256961.4,129200.26,127761.14,Yes,2024-08-14
CUST1720,Female,Divorced,Self-employed,Current,796782.71,243731.83,553050.88,Yes,2024-05-08
CUST1721,Female,Married,Self-employed,Savings,452453.59,367040.2,85413.39,No,2024-09-22
CUST1722,Male,Married,Employed,Current,134218.87,109620.2,24598.67,No,2024-06-23
CUST1723,Male,Divorced,Unemployed,Current,403164.46,245197.45,157967.01,Yes,2023-10-30
CUST1724,Male,Divorced,Employed,Current,762647.19,370479.01,392168.18,Yes,2023-01-13
CUST1725,Female,Divorced,Self-employed,Current,636771.18,222464.23,414306.95,Yes,2024-03-07
CUST1726,Female,Divorced,Self-employed,Current,379771.62,141949.6,237822.02,Yes,2023-12-16
CUST1727,Male,Divorced,Unemployed,Current,251025.44,165064.51,85960.93,No,2023-01-20
CUST1728,Male,Divorced,Unemployed,Current,177193.64,90632.84,86560.8,No,2024-09-25
CUST1729,Male,Divorced,Unemployed,Current,656340.14,383939.27,272400.87,Yes,2024-05-02
CUST1730,Female,Single,Unemployed,Savings,108319.09,92602.47,15716.62,No,2024-09-03
CUST1731,Female,Divorced,Employed,Current,731870.39,365776.62,366093.77,Yes,2023-03-30
CUST1732,Male,Single,Unemployed,Current,325584.85,286648.51,38936.34,No,2024-06-24
CUST1733,Female,Divorced,Employed,Savings,686767.49,293545.28,393222.21,Yes,2024-07-24
CUST1734,Male,Married,Unemployed,Current,406508.1,181616.55,224891.55,Yes,2023-10-15
CUST1735,Female,Divorced,Unemployed,Savings,538483.91,299734.77,238749.14,Yes,2024-12-13
CUST1736,Male,Divorced,Unemployed,Savings,315143.52,141118.04,174025.48,Yes,2023-05-05
CUST1737,Male,Single,Unemployed,Current,572497.85,468104.69,104393.16,Yes,2024-11-24
CUST1738,Male,Married,Self-employed,Current,85266.95,74508.86,10758.09,No,2024-11-29
CUST1739,Male,Single,Self-employed,Current,195752.8,163651.07,32101.73,No,2024-06-20
CUST1740,Male,Single,Self-employed,Current,785353.02,547974.7,237378.32,Yes,2023-05-25
CUST1741,Female,Divorced,Unemployed,Savings,640248.7,470798.77,169449.93,Yes,2024-11-21
CUST1742,Male,Divorced,Employed,Current,641471.78,223629.38,417842.4,Yes,2024-08-17
CUST1743,Male,Married,Unemployed,Savings,665577.63,471443.26,194134.37,Yes,2023-07-08
CUST1744,Female,Divorced,Employed,Savings,35273.98,14262.35,21011.63,No,2024-02-12
CUST1745,Male,Single,Unemployed,Savings,746235.22,281125.41,465109.81,Yes,2023-06-19
CUST1746,Male,Single,Unemployed,Savings,489343.96,147387.58,341956.38,Yes,2023-08-06
CUST1747,Male,Single,Self-employed,Savings,403805.35,223219.7,180585.65,Yes,2023-04-16
CUST1748,Male,Single,Employed,Savings,58767.1,26477.35,32289.75,No,2023-08-16
CUST1749,Female,Single,Self-employed,Savings,685991.09,563909.27,122081.82,Yes,2023-05-28
CUST1750,Female,Married,Employed,Current,136725.69,77287.55,59438.14,No,2023-01-22
CUST1751,Female,Married,Self-employed,Savings,187648.88,64209.17,123439.71,Yes,2024-09-13
CUST1752,Female,Divorced,Employed,Current,120334.37,61564.07,58770.3,No,2024-08-22
CUST1753,Female,Single,Self-employed,Savings,80219.71,55765.69,24454.02,No,2023-09-26
CUST1754,Male,Single,Self-employed,Savings,713600.26,288733.91,424866.35,Yes,2023-10-25
CUST1755,Female,Single,Unemployed,Savings,588856.36,491660.06,97196.3,No,2024-01-07
CUST1756,Male,Divorced,Self-employed,Current,534713.91,480308.0,54405.91,No,2024-09-26
CUST1757,Male,Single,Employed,Current,481987.98,204769.18,277218.8,Yes,2023-01-29
CUST1758,Male,Single,Self-employed,Current,84115.61,72198.76,11916.85,No,2023-05-31
CUST1759,Male,Married,Self-employed,Savings,758800.9,251413.95,507386.95,Yes,2024-08-07
CUST1760,Female,Single,Employed,Savings,681220.76,540356.91,140863.85,Yes,2024-02-19
CUST1761,Male,Single,Unemployed,Savings,42001.89,32145.18,9856.71,No,2024-11-28
CUST1762,Female,Single,Unemployed,Savings,350203.33,219490.6,130712.73,Yes,2023-01-30
CUST1763,Male,Single,Employed,Savings,629675.42,516851.9,112823.52,Yes,2023-04-18
CUST1764,Male,Divorced,Unemployed,Current,641906.75,422279.09,219627.66,Yes,2023-01-21
CUST1765,Male,Divorced,Employed,Savings,119144.17,93808.78,25335.39,No,2023-12-12
CUST1766,Male,Single,Employed,Current,772306.15,416870.06,355436.09,Yes,2024-02-16
CUST1767,Female,Married,Unemployed,Savings,579060.25,282109.91,296950.34,Yes,2024-06-11
CUST1768,Female,Divorced,Employed,Current,492995.16,153046.0,339949.16,Yes,2023-01-24
CUST1769,Female,Single,Self-employed,Current,608094.72,310977.02,297117.7,Yes,2024-01-02
CUST1770,Male,Divorced,Self-employed,Savings,202769.59,90621.29,112148.3,Yes,2024-08-24
CUST1771,Male,Divorced,Unemployed,Current,386865.63,119758.25,267107.38,Yes,2023-01-09
CUST1772,Female,Single,Unemployed,Current,798502.48,308562.59,489939.89,Yes,2023-09-02
CUST1773,Male,Single,Self-employed,Current,369032.16,245430.75,123601.41,Yes,2024-05-05
CUST1774,Male,Divorced,Employed,Savings,117151.96,91233.87,25918.09,No,2023-10-20
CUST1775,Female,Married,Self-employed,Savings,263980.6,228698.26,35282.34,No,2023-04-17
CUST1776,Male,Divorced,Self-employed,Current,403827.36,190470.97,213356.39,Yes,2024-08-16
CUST1777,Male,Divorced,Unemployed,Current,64963.72,25912.23,39051.49,No,2023-09-26
CUST1778,Male,Married,Unemployed,Current,547999.03,384599.66,163399.37,Yes,2023-05-05
CUST1779,Female,Married,Unemployed,Savings,495196.05,396040.07,99155.98,No,2023-08-12
CUST1780,Male,Divorced,Employed,Current,56606.74,27815.33,28791.41,No,2023-02-20
CUST1781,Female,Single,Employed,Savings,473069.41,387399.32,85670.09,No,2024-07-09
CUST1782,Male,Single,Self-employed,Savings,89939.0,72323.32,17615.68,No,2024-11-05
CUST1783,Female,Single,Unemployed,Savings,664306.63,256207.17,408099.46,Yes,2023-05-23
CUST1784,Female,Divorced,Self-employed,Savings,90053.17,30043.96,60009.21,No,2023-12-22
CUST1785,Female,Divorced,Self-employed,Current,687332.49,508631.15,178701.34,Yes,2024-07-11
CUST1786,Male,Single,Self-employed,Savings,693739.46,577970.97,115768.49,Yes,2024-03-19
CUST1787,Male,Single,Self-employed,Current,391948.7,321218.9,70729.8,No,2024-12-26
CUST1788,Female,Married,Employed,Current,657516.2,577047.55,80468.65,No,2024-08-24
CUST1789,Female,Divorced,Unemployed,Current,560182.81,250056.63,310126.18,Yes,2024-05-12
CUST1790,Male,Divorced,Self-employed,Current,457934.55,173088.74,284845.81,Yes,2023-11-23
CUST1791,Male,Single,Unemployed,Current,44606.18,28245.04,16361.14,No,2023-10-18
CUST1792,Female,Married,Self-employed,Savings,514832.46,193345.76,321486.7,Yes,2023-03-24
CUST1793,Female,Married,Unemployed,Savings,500550.32,163765.52,336784.8,Yes,2023-07-22
CUST1794,Female,Married,Self-employed,Savings,502190.09,256753.08,245437.01,Yes,2023-11-30
CUST1795,Female,Divorced,Self-employed,Current,349568.16,176261.28,173306.88,Yes,2023-01-04
CUST1796,Female,Married,Self-employed,Savings,799602.14,327668.15,471933.99,Yes,2024-03-06
CUST1797,Female,Married,Unemployed,Savings,442121.43,276841.38,165280.05,Yes,2023-10-09
CUST1798,Male,Married,Self-employed,Savings,737240.26,448163.31,289076.95,Yes,2023-10-21
CUST1799,Female,Married,Unemployed,Current,296304.46,132007.82,164296.64,Yes,2023-09-22
CUST1800,Male,Divorced,Employed,Savings,108912.82,54618.93,54293.89,No,2024-04-20
CUST1801,Female,Married,Unemployed,Current,553804.28,493059.82,60744.46,No,2024-02-25
CUST1802,Female,Divorced,Unemployed,Savings,302772.86,209264.25,93508.61,No,2024-07-01
CUST1803,Male,Divorced,Employed,Current,432296.6,218137.86,214158.74,Yes,2023-10-07
CUST1804,Male,Married,Employed,Savings,590816.14,304574.54,286241.6,Yes,2024-09-17
CUST1805,Male,Single,Self-employed,Current,231986.32,95999.08,135987.24,Yes,2024-12-13
CUST1806,Male,Married,Self-employed,Savings,457827.7,263554.55,194273.15,Yes,2024-11-21
CUST1807,Female,Divorced,Employed,Savings,614007.61,244285.18,369722.43,Yes,2023-02-02
CUST1808,Female,Married,Employed,Savings,651784.87,273062.37,378722.5,Yes,2024-05-17
CUST1809,Female,Single,Self-employed,Savings,277119.1,242963.86,34155.24,No,2023-08-18
CUST1810,Male,Married,Unemployed,Current,778183.78,564288.64,213895.14,Yes,2024-08-09
CUST1811,Male,Married,Self-employed,Current,195406.05,60463.34,134942.71,Yes,2023-07-24
CUST1812,Male,Married,Self-employed,Current,626122.59,436179.25,189943.34,Yes,2024-06-08
CUST1813,Male,Divorced,Employed,Current,231098.71,89672.49,141426.22,Yes,2024-09-06
CUST1814,Male,Divorced,Employed,Savings,731416.2,403578.56,327837.64,Yes,2023-06-22
CUST1815,Female,Single,Unemployed,Current,779366.82,286503.99,492862.83,Yes,2024-01-20
CUST1816,Male,Divorced,Unemployed,Current,511831.61,422516.11,89315.5,No,2023-01-14
CUST1817,Female,Married,Employed,Savings,104373.06,73687.71,30685.35,No,2023-11-27
CUST1818,Male,Single,Employed,Savings,65712.4,23159.41,42552.99,No,2023-11-03
CUST1819,Male,Married,Self-employed,Savings,420571.95,363158.45,57413.5,No,2024-10-20
CUST1820,Female,Married,Unemployed,Savings,564659.79,397111.58,167548.21,Yes,2023-11-02
CUST1821,Female,Divorced,Self-employed,Current,157748.76,119605.11,38143.65,No,2024-12-28
CUST1822,Female,Single,Employed,Savings,475941.63,335071.15,140870.48,Yes,2023-02-26
CUST1823,Female,Divorced,Unemployed,Savings,52576.62,35479.67,17096.95,No,2024-01-08
CUST1824,Female,Divorced,Self-employed,Current,743330.34,327086.61,416243.73,Yes,2023-04-28
CUST1825,Male,Married,Unemployed,Current,446505.93,401539.79,44966.14,No,2023-04-24
CUST1826,Male,Single,Employed,Savings,499544.29,359622.26,139922.03,Yes,2024-02-01
CUST1827,Female,Single,Employed,Savings,219398.07,87980.52,131417.55,Yes,2024-01-10
CUST1828,Female,Married,Employed,Current,638696.26,272818.8,365877.46,Yes,2023-06-10
CUST1829,Male,Married,Unemployed,Savings,490559.83,273599.31,216960.52,Yes,2023-10-04
CUST1830,Female,Married,Employed,Current,519097.62,389673.12,129424.5,Yes,2023-11-07
CUST1831,Male,Married,Employed,Current,478920.59,354063.65,124856.94,Yes,2024-01-19
CUST1832,Female,Married,Unemployed,Current,565082.64,230589.91,334492.73,Yes,2024-08-10
CUST1833,Male,Single,Self-employed,Current,71076.46,33348.14,37728.32,No,2024-06-20
CUST1834,Male,Married,Employed,Savings,703235.33,337863.86,365371.47,Yes,2024-08-19
CUST1835,Male,Single,Unemployed,Savings,304505.31,129760.07,174745.24,Yes,2023-08-14
CUST1836,Female,Married,Unemployed,Current,135750.4,93551.34,42199.06,No,2024-07-12
CUST1837,Female,Single,Unemployed,Savings,77832.76,36108.27,41724.49,No,2024-12-23
CUST1838,Female,Divorced,Unemployed,Current,586658.91,422716.64,163942.27,Yes,2024-05-18
CUST1839,Female,Divorced,Employed,Savings,752221.08,243996.9,508224.18,Yes,2024-04-10
CUST1840,Female,Single,Employed,Current,729791.18,552701.62,177089.56,Yes,2024-05-07
CUST1841,Female,Single,Self-employed,Current,657881.57,583535.67,74345.9,No,2023-09-17
CUST1842,Female,Divorced,Self-employed,Current,116646.41,58620.23,58026.18,No,2023-12-05
CUST1843,Female,Single,Employed,Current,106155.6,74839.84,31315.76,No,2024-01-01
CUST1844,Male,Married,Employed,Current,234126.03,167936.48,66189.55,No,2024-08-27
CUST1845,Male,Married,Self-employed,Savings,685760.02,360311.98,325448.04,Yes,2024-10-06
CUST1846,Male,Married,Unemployed,Current,162637.51,142201.28,20436.23,No,2023-10-11
CUST1847,Female,Married,Employed,Current,317309.35,152028.25,165281.1,Yes,2024-05-13
CUST1848,Female,Divorced,Employed,Current,27806.16,24262.45,3543.71,No,2024-05-11
CUST1849,Female,Single,Self-employed,Savings,614315.94,540475.91,73840.03,No,2024-06-28
CUST1850,Female,Single,Employed,Savings,20152.08,7468.1,12683.98,No,2023-04-06
CUST1851,Male,Divorced,Unemployed,Savings,207949.9,102082.75,105867.15,Yes,2023-03-17
CUST1852,Female,Married,Unemployed,Savings,646678.46,520115.23,126563.23,Yes,2024-04-07
CUST1853,Male,Divorced,Employed,Current,376848.98,186683.99,190164.99,Yes,2024-05-07
CUST1854,Female,Married,Unemployed,Current,698712.53,286707.43,412005.1,Yes,2024-05-30
CUST1855,Male,Married,Unemployed,Current,25610.51,15129.34,10481.17,No,2023-08-01
CUST1856,Male,Married,Employed,Current,286387.36,250874.36,35513.0,No,2023-05-01
CUST1857,Female,Single,Unemployed,Current,691044.48,342524.69,348519.79,Yes,2023-12-18
CUST1858,Female,Married,Unemployed,Current,117304.69,80285.98,37018.71,No,2023-06-20
CUST1859,Female,Single,Unemployed,Savings,313143.22,250336.15,62807.07,No,2023-01-21
CUST1860,Male,Single,Self-employed,Current,464360.99,357408.89,106952.1,Yes,2024-04-06
CUST1861,Male,Divorced,Unemployed,Current,536594.19,251107.98,285486.21,Yes,2024-01-11
CUST1862,Male,Divorced,Self-employed,Savings,635107.36,332894.1,302213.26,Yes,2024-04-19
CUST1863,Female,Divorced,Self-employed,Savings,458924.57,267371.84,191552.73,Yes,2023-10-16
CUST1864,Female,Divorced,Unemployed,Savings,209544.26,122228.34,87315.92,No,2023-05-25
CUST1865,Female,Married,Unemployed,Current,213627.46,184386.43,29241.03,No,2024-10-04
CUST1866,Male,Divorced,Employed,Current,178869.87,70948.15,107921.72,Yes,2023-10-29
CUST1867,Female,Divorced,Self-employed,Savings,39200.76,27484.83,11715.93,No,2024-07-29
CUST1868,Female,Single,Self-employed,Current,706596.26,394951.82,311644.44,Yes,2024-12-09
CUST1869,Female,Married,Self-employed,Savings,391482.7,351282.29,40200.41,No,2023-10-21
CUST1870,Female,Married,Unemployed,Current,651445.28,439833.77,211611.51,Yes,2023-05-23
CUST1871,Male,Divorced,Unemployed,Savings,543957.17,410667.81,133289.36,Yes,2024-03-08
CUST1872,Male,Married,Self-employed,Current,87456.7,57464.48,29992.22,No,2024-09-07
CUST1873,Female,Divorced,Unemployed,Savings,26512.28,22693.53,3818.75,No,2023-08-16
CUST1874,Female,Single,Unemployed,Savings,740669.22,456214.23,284454.99,Yes,2024-01-23
CUST1875,Female,Single,Self-employed,Savings,748357.87,460984.75,287373.12,Yes,2024-04-29
CUST1876,Female,Single,Self-employed,Current,203326.99,93010.09,110316.9,Yes,2023-06-30
CUST1877,Male,Married,Self-employed,Current,587539.93,211348.97,376190.96,Yes,2023-12-16
CUST1878,Male,Divorced,Employed,Current,120075.26,60544.15,59531.11,No,2023-03-16
CUST1879,Male,Single,Employed,Current,333984.75,293937.54,40047.21,No,2024-09-04
CUST1880,Female,Single,Unemployed,Current,653523.18,565270.41,88252.77,No,2023-07-02
CUST1881,Male,Divorced,Unemployed,Current,146057.89,122589.31,23468.58,No,2024-07-28
CUST1882,Female,Married,Self-employed,Savings,662249.74,254035.22,408214.52,Yes,2023-05-18
CUST1883,Female,Divorced,Unemployed,Current,326612.16,201522.37,125089.79,Yes,2024-01-17
CUST1884,Male,Single,Employed,Current,598347.4,202171.83,396175.57,Yes,2023-01-24
CUST1885,Female,Divorced,Unemployed,Savings,476052.65,262808.05,213244.6,Yes,2024-08-10
CUST1886,Male,Single,Self-employed,Current,314650.05,233690.54,80959.51,No,2024-12-24
CUST1887,Male,Divorced,Self-employed,Current,143662.9,81763.34,61899.56,No,2023-11-11
CUST1888,Male,Married,Employed,Current,637880.33,556981.59,80898.74,No,2023-08-21
CUST1889,Female,Divorced,Employed,Savings,182560.68,150247.13,32313.55,No,2023-10-06
CUST1890,Female,Married,Unemployed,Savings,637913.61,377939.63,259973.98,Yes,2023-03-03
CUST1891,Male,Married,Unemployed,Savings,480952.57,296370.2,184582.37,Yes,2023-04-02
CUST1892,Male,Married,Employed,Current,408528.07,141921.01,266607.06,Yes,2023-01-05
CUST1893,Female,Divorced,Employed,Current,206504.66,144793.51,61711.15,No,2024-08-18
CUST1894,Female,Single,Self-employed,Current,62337.7,24585.37,37752.33,No,2023-12-27
CUST1895,Female,Divorced,Employed,Savings,647531.58,296316.51,351215.07,Yes,2023-06-20
CUST1896,Male,Single,Employed,Savings,485569.73,278432.38,207137.35,Yes,2024-03-07
CUST1897,Male,Single,Self-employed,Savings,681108.56,295875.34,385233.22,Yes,2023-12-06
CUST1898,Female,Divorced,Self-employed,Current,83618.27,61121.02,22497.25,No,2024-11-22
CUST1899,Male,Single,Self-employed,Savings,209352.58,145384.53,63968.05,No,2024-03-25
CUST1900,Female,Single,Unemployed,Savings,303777.17,139050.28,164726.89,Yes,2024-09-08
CUST1901,Female,Married,Self-employed,Current,341906.33,209880.98,132025.35,Yes,2023-01-21
CUST1902,Male,Divorced,Employed,Current,575966.37,256844.37,319122.0,Yes,2024-07-20
CUST1903,Female,Married,Unemployed,Current,62734.36,36902.64,25831.72,No,2023-11-04
CUST1904,Male,Divorced,Unemployed,Savings,614745.35,233943.45,380801.9,Yes,2024-08-11
CUST1905,Male,Married,Self-employed,Current,187579.92,89318.42,98261.5,No,2023-08-24
CUST1906,Male,Single,Self-employed,Current,193462.51,113432.8,80029.71,No,2023-02-11
CUST1907,Female,Married,Employed,Current,364963.16,318107.94,46855.22,No,2023-06-20
CUST1908,Male,Single,Employed,Savings,53384.76,25859.12,27525.64,No,2023-07-22
CUST1909,Female,Married,Unemployed,Current,686721.94,406613.19,280108.75,Yes,2024-09-15
CUST1910,Male,Single,Unemployed,Savings,165670.66,74387.44,91283.22,No,2024-12-10
CUST1911,Female,Divorced,Employed,Savings,348444.41,218766.8,129677.61,Yes,2024-07-20
CUST1912,Female,Single,Unemployed,Savings,483619.65,226200.69,257418.96,Yes,2024-09-24
CUST1913,Female,Single,Unemployed,Current,120956.31,85464.78,35491.53,No,2024-07-19
CUST1914,Male,Married,Self-employed,Current,575524.97,502633.77,72891.2,No,2024-10-24
CUST1915,Female,Divorced,Self-employed,Current,60590.44,45091.96,15498.48,No,2023-04-18
CUST1916,Male,Single,Unemployed,Current,242610.19,159414.85,83195.34,No,2024-04-29
CUST1917,Female,Divorced,Unemployed,Current,620575.41,364213.47,256361.94,Yes,2023-08-01
CUST1918,Female,Married,Self-employed,Current,548029.84,346982.44,201047.4,Yes,2024-04-22
CUST1919,Female,Divorced,Employed,Current,697471.51,567173.83,130297.68,Yes,2024-04-04
CUST1920,Male,Divorced,Unemployed,Current,291775.49,191224.05,100551.44,Yes,2024-11-28
CUST1921,Female,Divorced,Employed,Savings,463569.27,362382.29,101186.98,Yes,2023-08-29
CUST1922,Male,Single,Unemployed,Savings,451909.52,195304.46,256605.06,Yes,2024-02-08
CUST1923,Female,Married,Self-employed,Savings,69554.37,48562.63,20991.74,No,2023-05-09
CUST1924,Female,Single,Unemployed,Current,382434.84,247285.21,135149.63,Yes,2024-02-29
CUST1925,Male,Married,Self-employed,Savings,104138.2,77195.47,26942.73,No,2024-01-03
CUST1926,Female,Divorced,Unemployed,Savings,717006.71,583840.81,133165.9,Yes,2023-06-06
CUST1927,Male,Divorced,Employed,Savings,105955.58,35514.6,70440.98,No,2023-02-10
CUST1928,Female,Married,Unemployed,Savings,81104.14,46137.61,34966.53,No,2023-11-20
CUST1929,Female,Married,Self-employed,Current,576174.2,293210.92,282963.28,Yes,2024-03-23
CUST1930,Female,Married,Unemployed,Current,174031.39,88280.22,85751.17,No,2024-11-09
CUST1931,Female,Married,Unemployed,Current,193251.48,157837.14,35414.34,No,2024-04-08
CUST1932,Male,Married,Employed,Current,625816.68,238897.49,386919.19,Yes,2024-10-04
CUST1933,Female,Married,Unemployed,Savings,600549.9,436441.88,164108.02,Yes,2023-12-22
CUST1934,Male,Divorced,Employed,Current,49347.83,41029.91,8317.92,No,2023-02-13
CUST1935,Female,Divorced,Self-employed,Savings,267810.56,108102.4,159708.16,Yes,2023-11-01
CUST1936,Female,Single,Employed,Savings,266253.02,196529.31,69723.71,No,2024-12-07
CUST1937,Female,Married,Self-employed,Savings,780860.95,603740.2,177120.75,Yes,2023-05-28
CUST1938,Male,Divorced,Employed,Current,346977.91,144449.99,202527.92,Yes,2024-12-05
CUST1939,Female,Single,Unemployed,Current,321088.23,154356.11,166732.12,Yes,2023-10-21
CUST1940,Female,Divorced,Self-employed,Savings,64740.25,33529.83,31210.42,No,2024-02-08
CUST1941,Female,Single,Self-employed,Current,319169.09,186376.26,132792.83,Yes,2023-02-01
CUST1942,Male,Married,Self-employed,Savings,238150.77,184291.51,53859.26,No,2023-03-05
CUST1943,Male,Single,Employed,Current,46733.84,38740.66,7993.18,No,2024-02-08
CUST1944,Male,Divorced,Unemployed,Savings,674976.42,401951.01,273025.41,Yes,2023-10-22
CUST1945,Female,Married,Unemployed,Current,541311.02,406169.57,135141.45,Yes,2024-12-02
CUST1946,Male,Single,Unemployed,Savings,718894.63,377828.53,341066.1,Yes,2023-11-27
CUST1947,Male,Single,Unemployed,Current,759052.25,282371.83,476680.42,Yes,2024-11-08
CUST1948,Male,Divorced,Self-employed,Current,691576.75,435718.65,255858.1,Yes,2024-11-29
CUST1949,Female,Married,Self-employed,Current,580997.09,503884.87,77112.22,No,2024-07-02
CUST1950,Female,Married,Unemployed,Savings,550079.51,394237.5,155842.01,Yes,2024-10-20
CUST1951,Male,Divorced,Employed,Current,740055.47,582081.71,157973.76,Yes,2024-03-14
CUST1952,Female,Divorced,Self-employed,Current,724339.77,366336.3,358003.47,Yes,2023-10-03
CUST1953,Male,Divorced,Self-employed,Savings,753179.43,433718.86,319460.57,Yes,2023-06-09
CUST1954,Male,Married,Employed,Savings,704360.28,216421.64,487938.64,Yes,2024-02-02
CUST1955,Female,Divorced,Self-employed,Savings,641727.12,220639.69,421087.43,Yes,2024-08-05
CUST1956,Male,Divorced,Employed,Current,601972.96,320570.14,281402.82,Yes,2023-01-09
CUST1957,Male,Divorced,Unemployed,Current,730075.63,424089.05,305986.58,Yes,2024-08-29
CUST1958,Male,Married,Self-employed,Current,745885.86,322635.76,423250.1,Yes,2024-01-26
CUST1959,Female,Divorced,Unemployed,Savings,649785.24,489383.59,160401.65,Yes,2024-12-05
CUST1960,Male,Single,Unemployed,Current,585758.47,393222.82,192535.65,Yes,2024-09-14
CUST1961,Female,Single,Unemployed,Savings,88683.72,72820.01,15863.71,No,2023-05-19
CUST1962,Female,Divorced,Unemployed,Savings,555908.57,431158.73,124749.84,Yes,2023-10-12
CUST1963,Female,Single,Self-employed,Savings,608164.01,420061.91,188102.1,Yes,2023-08-10
CUST1964,Female,Married,Unemployed,Savings,202881.28,153134.69,49746.59,No,2023-03-30
CUST1965,Female,Married,Self-employed,Savings,297353.57,95133.45,202220.12,Yes,2024-11-23
CUST1966,Male,Divorced,Employed,Savings,230190.38,159041.01,71149.37,No,2024-07-19
CUST1967,Male,Divorced,Unemployed,Current,69691.22,40996.85,28694.37,No,2024-07-06
CUST1968,Male,Divorced,Self-employed,Current,486433.55,157430.39,329003.16,Yes,2023-01-21
CUST1969,Male,Married,Unemployed,Current,304226.04,140309.33,163916.71,Yes,2023-04-08
CUST1970,Male,Single,Employed,Current,501441.71,187762.09,313679.62,Yes,2023-04-30
CUST1971,Male,Single,Unemployed,Savings,200718.57,82100.85,118617.72,Yes,2024-07-11
CUST1972,Male,Divorced,Unemployed,Current,129661.55,109489.33,20172.22,No,2023-06-21
CUST1973,Female,Single,Employed,Current,498266.86,386650.51,111616.35,Yes,2023-03-11
CUST1974,Female,Single,Self-employed,Savings,182408.29,122595.44,59812.85,No,2024-05-17
CUST1975,Male,Divorced,Employed,Current,719433.27,228679.08,490754.19,Yes,2023-03-16
CUST1976,Female,Married,Self-employed,Current,408128.09,185960.99,222167.1,Yes,2023-12-14
CUST1977,Male,Married,Employed,Current,583732.81,357625.99,226106.82,Yes,2024-10-30
CUST1978,Male,Married,Employed,Current,52987.27,25258.2,27729.07,No,2023-03-07
CUST1979,Female,Divorced,Employed,Savings,548661.75,284408.0,264253.75,Yes,2023-08-07
CUST1980,Male,Single,Self-employed,Savings,340375.91,231340.66,109035.25,Yes,2024-10-20
CUST1981,Male,Married,Employed,Current,519040.28,291569.77,227470.51,Yes,2023-10-09
CUST1982,Female,Divorced,Self-employed,Savings,222154.52,177155.27,44999.25,No,2023-10-17
CUST1983,Female,Married,Unemployed,Savings,179962.47,161747.2,18215.27,No,2023-11-16
CUST1984,Female,Divorced,Self-employed,Current,185782.74,96808.19,88974.55,No,2024-09-15
CUST1985,Male,Single,Employed,Savings,547332.24,354742.18,192590.06,Yes,2023-03-07
CUST1986,Male,Single,Employed,Current,531402.19,266752.11,264650.08,Yes,2023-09-01
CUST1987,Female,Married,Self-employed,Current,770939.91,231762.61,539177.3,Yes,2023-07-08
CUST1988,Male,Divorced,Unemployed,Current,93742.14,31813.96,61928.18,No,2024-04-15
CUST1989,Male,Single,Self-employed,Savings,461617.85,271988.59,189629.26,Yes,2024-12-23
CUST1990,Female,Single,Unemployed,Savings,468412.77,255871.54,212541.23,Yes,2024-10-21
CUST1991,Female,Single,Unemployed,Current,366825.29,182430.45,184394.84,Yes,2023-06-13
CUST1992,Female,Divorced,Self-employed,Current,619100.99,476500.97,142600.02,Yes,2024-04-09
CUST1993,Male,Divorced,Employed,Savings,351030.22,301916.92,49113.3,No,2024-03-22
CUST1994,Male,Single,Unemployed,Current,356462.49,125486.69,230975.8,Yes,2024-05-31
CUST1995,Female,Single,Unemployed,Savings,207260.64,93324.54,113936.1,Yes,2024-10-21
CUST1996,Male,Married,Self-employed,Savings,554523.0,314361.01,240161.99,Yes,2024-09-07
CUST1997,Male,Divorced,Unemployed,Current,23695.37,7578.06,16117.31,No,2024-09-07
CUST1998,Female,Divorced,Self-employed,Current,529176.22,163466.91,365709.31,Yes,2024-12-05
CUST1999,Male,Divorced,Employed,Current,645570.73,491817.11,153753.62,Yes,2023-09-05
